fk_fire_hydrant,fk_tree
1,161266.0
2,6308.0
3,69364.0
4,56295.0
5,
6,170667.0
7,225012.0
8,21927.0
9,106411.0
10,
11,55142.0
12,127453.0
13,
14,
15,
16,137437.0
17,55597.0
18,
19,
20,1640.0
21,203231.0
22,
23,
24,39213.0
25,241413.0
26,84891.0
27,23391.0
28,24393.0
29,213742.0
30,152263.0
31,
32,184042.0
33,135239.0
34,
35,
36,
37,
38,155994.0
39,217326.0
40,
41,
42,
43,
44,
45,20124.0
46,
47,25473.0
48,70107.0
49,160323.0
50,92013.0
51,93362.0
52,
53,67333.0
54,236229.0
55,
56,
57,
58,
59,
60,95701.0
61,
62,
63,140465.0
64,
65,
66,
67,
68,8096.0
69,
70,67526.0
71,
72,237806.0
73,
74,79364.0
75,165305.0
76,99780.0
77,
78,115725.0
79,66804.0
80,
81,141580.0
82,66265.0
83,
84,226435.0
85,100731.0
86,55314.0
87,
88,
89,
90,11883.0
91,
92,158245.0
93,
94,
95,16022.0
96,
97,251226.0
98,133445.0
99,244910.0
100,
101,
102,
103,
104,
105,
106,161654.0
107,
108,
109,114431.0
110,
111,220894.0
112,
113,
114,
115,
116,
117,
118,
119,153585.0
120,
121,
122,136034.0
123,196373.0
124,133758.0
125,145.0
126,81754.0
127,4913.0
128,234323.0
129,
130,209750.0
131,
132,
133,221438.0
134,238825.0
135,
136,
137,
138,191827.0
139,193147.0
140,32381.0
141,119869.0
142,
143,66849.0
144,220032.0
145,106718.0
146,
147,
148,184092.0
149,50732.0
150,
151,
152,163902.0
153,110491.0
154,
155,
156,56670.0
157,
158,
159,58036.0
160,
161,17905.0
162,159167.0
163,57741.0
164,228351.0
165,
166,17871.0
167,
168,
169,
170,
171,
172,
173,119210.0
174,
175,203654.0
176,
177,
178,108713.0
179,
180,117786.0
181,
182,
183,
184,24822.0
185,
186,85574.0
187,
188,62713.0
189,
190,113143.0
191,
192,
193,
194,232852.0
195,111760.0
196,217236.0
197,
198,12759.0
199,
200,210850.0
201,
202,
203,214045.0
204,41945.0
205,
206,53908.0
207,101144.0
208,
209,
210,
211,66886.0
212,
213,
214,
215,241440.0
216,
217,140167.0
218,181186.0
219,
220,
221,244313.0
222,
223,
224,188643.0
225,
226,147332.0
227,126821.0
228,
229,
230,242313.0
231,20205.0
232,
233,150071.0
234,170292.0
235,59320.0
236,30236.0
237,224535.0
238,62097.0
239,
240,
241,105731.0
242,
243,131848.0
244,
245,51515.0
246,
247,
248,99819.0
249,
250,75661.0
251,79742.0
252,189624.0
253,
254,115582.0
255,251815.0
256,251220.0
257,
258,
259,66885.0
260,
261,
262,221756.0
263,
264,
265,
266,177436.0
267,
268,
269,164936.0
270,
271,
272,75505.0
273,167310.0
274,
275,
276,29112.0
277,26995.0
278,139526.0
279,68688.0
280,
281,
282,51349.0
283,159958.0
284,
285,123210.0
286,228330.0
287,
288,23279.0
289,
290,
291,
292,
293,
294,
295,186942.0
296,139137.0
297,107865.0
298,2439.0
299,18977.0
300,222723.0
301,
302,
303,
304,146912.0
305,37350.0
306,32143.0
307,
308,
309,
310,217073.0
311,226713.0
312,
313,62933.0
314,25925.0
315,196749.0
316,
317,
318,156534.0
319,38979.0
320,
321,218058.0
322,246204.0
323,204480.0
324,222297.0
325,6252.0
326,
327,83779.0
328,
329,
330,
331,
332,67290.0
333,
334,
335,
336,
337,56099.0
338,205947.0
339,116091.0
340,
341,200590.0
342,57401.0
343,
344,48709.0
345,
346,
347,243854.0
348,70397.0
349,161785.0
350,
351,
352,
353,236880.0
354,29090.0
355,244739.0
356,45036.0
357,
358,
359,
360,
361,
362,79111.0
363,152889.0
364,128983.0
365,
366,145418.0
367,64243.0
368,178759.0
369,
370,
371,
372,
373,
374,169136.0
375,
376,17648.0
377,167524.0
378,83278.0
379,79171.0
380,213873.0
381,
382,
383,78003.0
384,102999.0
385,
386,74566.0
387,32103.0
388,106039.0
389,237164.0
390,
391,227692.0
392,
393,
394,138192.0
395,103.0
396,72361.0
397,108420.0
398,146275.0
399,
400,
401,111515.0
402,53897.0
403,
404,
405,
406,42797.0
407,21386.0
408,130000.0
409,
410,
411,
412,189441.0
413,169682.0
414,
415,50222.0
416,
417,61751.0
418,119832.0
419,214308.0
420,18368.0
421,
422,158830.0
423,
424,175624.0
425,124684.0
426,
427,165461.0
428,1399.0
429,189397.0
430,
431,26882.0
432,
433,
434,
435,130632.0
436,12666.0
437,
438,
439,115122.0
440,202121.0
441,
442,
443,150176.0
444,239604.0
445,224822.0
446,154514.0
447,
448,
449,209473.0
450,
451,
452,
453,
454,
455,62355.0
456,160821.0
457,
458,131474.0
459,
460,
461,
462,
463,
464,80633.0
465,
466,
467,
468,
469,
470,16199.0
471,102799.0
472,
473,104860.0
474,
475,105962.0
476,
477,
478,
479,
480,193087.0
481,95934.0
482,1488.0
483,
484,190030.0
485,
486,
487,
488,
489,137737.0
490,152143.0
491,55621.0
492,
493,109920.0
494,
495,
496,
497,
498,
499,117878.0
500,
501,156936.0
502,
503,99374.0
504,
505,
506,162105.0
507,
508,
509,12682.0
510,95612.0
511,53382.0
512,
513,191986.0
514,
515,189660.0
516,209815.0
517,
518,20658.0
519,4889.0
520,136044.0
521,252181.0
522,88262.0
523,163969.0
524,
525,
526,
527,239496.0
528,50280.0
529,
530,38432.0
531,31834.0
532,
533,
534,54972.0
535,176408.0
536,
537,
538,153151.0
539,
540,
541,
542,
543,
544,
545,78677.0
546,
547,
548,
549,180330.0
550,19167.0
551,
552,158194.0
553,
554,
555,
556,151427.0
557,30531.0
558,
559,
560,87567.0
561,108039.0
562,
563,127606.0
564,86060.0
565,
566,207396.0
567,
568,
569,160298.0
570,
571,
572,
573,
574,243497.0
575,
576,
577,
578,121941.0
579,109854.0
580,
581,67691.0
582,214806.0
583,
584,
585,
586,
587,
588,153929.0
589,
590,
591,214614.0
592,
593,
594,
595,85835.0
596,222021.0
597,
598,69677.0
599,2561.0
600,
601,
602,181606.0
603,
604,
605,
606,162900.0
607,
608,199981.0
609,23469.0
610,
611,174472.0
612,
613,
614,
615,
616,
617,188128.0
618,
619,
620,68327.0
621,63406.0
622,30430.0
623,48571.0
624,
625,135148.0
626,
627,46696.0
628,54574.0
629,122117.0
630,182744.0
631,
632,
633,71374.0
634,
635,48958.0
636,
637,45256.0
638,
639,
640,69183.0
641,
642,
643,
644,31849.0
645,
646,123802.0
647,220104.0
648,
649,
650,
651,
652,12958.0
653,237341.0
654,120486.0
655,207341.0
656,
657,18684.0
658,
659,13521.0
660,
661,141951.0
662,76629.0
663,250671.0
664,
665,
666,152916.0
667,199429.0
668,56920.0
669,131795.0
670,
671,111657.0
672,216938.0
673,
674,
675,
676,
677,186654.0
678,
679,
680,53222.0
681,166563.0
682,
683,
684,
685,
686,
687,149762.0
688,
689,58380.0
690,178298.0
691,
692,114509.0
693,173362.0
694,233015.0
695,
696,157643.0
697,
698,
699,107222.0
700,137341.0
701,
702,
703,208480.0
704,
705,
706,
707,188891.0
708,143557.0
709,72789.0
710,
711,173688.0
712,176476.0
713,
714,126222.0
715,124538.0
716,20288.0
717,
718,
719,81291.0
720,63144.0
721,
722,242598.0
723,
724,
725,239793.0
726,
727,169553.0
728,
729,10147.0
730,
731,118663.0
732,
733,231038.0
734,
735,147623.0
736,
737,
738,
739,
740,84062.0
741,169011.0
742,216324.0
743,83178.0
744,174948.0
745,72690.0
746,238382.0
747,205185.0
748,138737.0
749,114709.0
750,
751,81531.0
752,244685.0
753,101935.0
754,
755,
756,
757,
758,
759,47310.0
760,91243.0
761,
762,157731.0
763,191673.0
764,51339.0
765,
766,
767,110495.0
768,
769,
770,245432.0
771,
772,
773,
774,
775,
776,23508.0
777,250252.0
778,
779,
780,
781,
782,125693.0
783,
784,128340.0
785,68959.0
786,210521.0
787,247222.0
788,61470.0
789,139032.0
790,96742.0
791,
792,
793,221770.0
794,217912.0
795,69671.0
796,
797,
798,235622.0
799,
800,206946.0
801,71334.0
802,
803,
804,251928.0
805,
806,37477.0
807,
808,
809,139196.0
810,137056.0
811,
812,81154.0
813,
814,175912.0
815,144210.0
816,
817,195596.0
818,11009.0
819,187818.0
820,177862.0
821,204641.0
822,97371.0
823,
824,206996.0
825,247367.0
826,
827,9337.0
828,126680.0
829,148846.0
830,
831,
832,
833,
834,115240.0
835,
836,103399.0
837,165139.0
838,
839,
840,
841,
842,174703.0
843,163892.0
844,214819.0
845,
846,
847,
848,79864.0
849,
850,191525.0
851,220019.0
852,9054.0
853,17256.0
854,
855,
856,
857,188338.0
858,
859,24828.0
860,159834.0
861,220068.0
862,
863,175030.0
864,
865,
866,200791.0
867,
868,
869,
870,
871,
872,199877.0
873,
874,
875,219630.0
876,
877,
878,230220.0
879,
880,116304.0
881,
882,64395.0
883,2371.0
884,
885,227289.0
886,
887,39843.0
888,
889,87154.0
890,
891,161143.0
892,107013.0
893,
894,213190.0
895,50244.0
896,97022.0
897,121868.0
898,
899,144242.0
900,
901,
902,
903,
904,166009.0
905,
906,
907,172962.0
908,
909,
910,152939.0
911,
912,228032.0
913,72180.0
914,201476.0
915,
916,
917,
918,156592.0
919,
920,181822.0
921,
922,
923,
924,
925,163010.0
926,
927,111178.0
928,
929,
930,22732.0
931,
932,
933,
934,33332.0
935,
936,245014.0
937,133884.0
938,230386.0
939,209449.0
940,64809.0
941,
942,121524.0
943,203400.0
944,
945,
946,29047.0
947,242846.0
948,35500.0
949,243756.0
950,216931.0
951,
952,247146.0
953,243950.0
954,
955,
956,199414.0
957,3511.0
958,
959,114699.0
960,169691.0
961,
962,
963,
964,
965,27326.0
966,
967,
968,
969,
970,
971,
972,15944.0
973,207780.0
974,
975,
976,
977,
978,238651.0
979,76762.0
980,124242.0
981,24513.0
982,223771.0
983,34216.0
984,114411.0
985,
986,
987,238579.0
988,
989,187204.0
990,38972.0
991,104636.0
992,24974.0
993,
994,
995,
996,
997,93450.0
998,111823.0
999,
1000,215748.0
1001,25058.0
1002,
1003,
1004,246616.0
1005,90459.0
1006,100413.0
1007,47871.0
1008,30810.0
1009,
1010,
1011,
1012,
1013,
1014,5387.0
1015,
1016,
1017,
1018,142389.0
1019,
1020,192976.0
1021,
1022,
1023,219341.0
1024,82865.0
1025,
1026,
1027,716.0
1028,
1029,36491.0
1030,32785.0
1031,
1032,
1033,166722.0
1034,
1035,
1036,
1037,60008.0
1038,
1039,43946.0
1040,
1041,
1042,132681.0
1043,188060.0
1044,120112.0
1045,
1046,
1047,
1048,
1049,238438.0
1050,
1051,197533.0
1052,218657.0
1053,131513.0
1054,
1055,243132.0
1056,
1057,
1058,101290.0
1059,173037.0
1060,
1061,229431.0
1062,18535.0
1063,
1064,
1065,
1066,
1067,
1068,
1069,82014.0
1070,250850.0
1071,
1072,
1073,
1074,25014.0
1075,176992.0
1076,
1077,
1078,
1079,
1080,54230.0
1081,113884.0
1082,
1083,
1084,114375.0
1085,
1086,
1087,
1088,167743.0
1089,94401.0
1090,
1091,
1092,16932.0
1093,209777.0
1094,
1095,24354.0
1096,186328.0
1097,204732.0
1098,140319.0
1099,
1100,
1101,
1102,
1103,89179.0
1104,167802.0
1105,189225.0
1106,
1107,181855.0
1108,
1109,151426.0
1110,88687.0
1111,
1112,
1113,165632.0
1114,
1115,27294.0
1116,213207.0
1117,92701.0
1118,
1119,
1120,
1121,
1122,
1123,206411.0
1124,154746.0
1125,
1126,6622.0
1127,
1128,
1129,67452.0
1130,
1131,177224.0
1132,77928.0
1133,
1134,1540.0
1135,219383.0
1136,142829.0
1137,101080.0
1138,
1139,
1140,
1141,
1142,
1143,
1144,85976.0
1145,93329.0
1146,
1147,
1148,
1149,
1150,
1151,
1152,155822.0
1153,169978.0
1154,68626.0
1155,166944.0
1156,
1157,
1158,68894.0
1159,
1160,
1161,
1162,
1163,
1164,122731.0
1165,
1166,11455.0
1167,99688.0
1168,
1169,
1170,76020.0
1171,53275.0
1172,34612.0
1173,64444.0
1174,
1175,
1176,188400.0
1177,
1178,
1179,
1180,126169.0
1181,
1182,203327.0
1183,
1184,
1185,
1186,4727.0
1187,
1188,217428.0
1189,145209.0
1190,
1191,
1192,105345.0
1193,
1194,5261.0
1195,81908.0
1196,
1197,
1198,209841.0
1199,231970.0
1200,
1201,
1202,61366.0
1203,148516.0
1204,
1205,
1206,78253.0
1207,
1208,84002.0
1209,
1210,
1211,
1212,128612.0
1213,228478.0
1214,88114.0
1215,
1216,206543.0
1217,
1218,59588.0
1219,
1220,
1221,151928.0
1222,
1223,165322.0
1224,
1225,
1226,124619.0
1227,
1228,
1229,
1230,233076.0
1231,
1232,160225.0
1233,157507.0
1234,
1235,158187.0
1236,38073.0
1237,
1238,111527.0
1239,76373.0
1240,69274.0
1241,14167.0
1242,127953.0
1243,
1244,
1245,14348.0
1246,
1247,
1248,
1249,215709.0
1250,155108.0
1251,127885.0
1252,116698.0
1253,139801.0
1254,199700.0
1255,
1256,
1257,204239.0
1258,
1259,81091.0
1260,119956.0
1261,
1262,
1263,26104.0
1264,
1265,
1266,
1267,127250.0
1268,43521.0
1269,62482.0
1270,110405.0
1271,110824.0
1272,
1273,40037.0
1274,
1275,71347.0
1276,
1277,
1278,150790.0
1279,
1280,
1281,16624.0
1282,23835.0
1283,171090.0
1284,71664.0
1285,
1286,
1287,
1288,220245.0
1289,
1290,146970.0
1291,35669.0
1292,88227.0
1293,
1294,
1295,98854.0
1296,
1297,
1298,78078.0
1299,95001.0
1300,
1301,205089.0
1302,169007.0
1303,209067.0
1304,
1305,
1306,
1307,
1308,106785.0
1309,91255.0
1310,
1311,
1312,
1313,
1314,122640.0
1315,57136.0
1316,
1317,
1318,212969.0
1319,
1320,194418.0
1321,
1322,
1323,
1324,
1325,
1326,33052.0
1327,95011.0
1328,40920.0
1329,209669.0
1330,194474.0
1331,
1332,
1333,
1334,
1335,
1336,
1337,112029.0
1338,
1339,188784.0
1340,
1341,
1342,
1343,203939.0
1344,118288.0
1345,
1346,
1347,
1348,248280.0
1349,
1350,
1351,
1352,133028.0
1353,
1354,206024.0
1355,202081.0
1356,34905.0
1357,
1358,161708.0
1359,
1360,
1361,
1362,213338.0
1363,
1364,
1365,192462.0
1366,
1367,
1368,37162.0
1369,
1370,238690.0
1371,
1372,113777.0
1373,
1374,
1375,
1376,
1377,59465.0
1378,250824.0
1379,94555.0
1380,
1381,
1382,211644.0
1383,163923.0
1384,199590.0
1385,34704.0
1386,72353.0
1387,209270.0
1388,
1389,
1390,177940.0
1391,
1392,
1393,
1394,
1395,210582.0
1396,138411.0
1397,183412.0
1398,133107.0
1399,28042.0
1400,
1401,75952.0
1402,
1403,
1404,200225.0
1405,115286.0
1406,27959.0
1407,
1408,150500.0
1409,
1410,
1411,61018.0
1412,36211.0
1413,
1414,
1415,60672.0
1416,
1417,167558.0
1418,21593.0
1419,
1420,
1421,132675.0
1422,127951.0
1423,
1424,139760.0
1425,98474.0
1426,
1427,160319.0
1428,
1429,
1430,
1431,
1432,86961.0
1433,
1434,
1435,194576.0
1436,185418.0
1437,83863.0
1438,
1439,137707.0
1440,205171.0
1441,
1442,196503.0
1443,117180.0
1444,
1445,
1446,204663.0
1447,15915.0
1448,
1449,
1450,74008.0
1451,11049.0
1452,50308.0
1453,
1454,235400.0
1455,
1456,
1457,136955.0
1458,
1459,
1460,48198.0
1461,90031.0
1462,
1463,
1464,83713.0
1465,
1466,
1467,
1468,
1469,
1470,97514.0
1471,
1472,125145.0
1473,125478.0
1474,
1475,130964.0
1476,202053.0
1477,
1478,19906.0
1479,
1480,207398.0
1481,
1482,
1483,20194.0
1484,166687.0
1485,
1486,
1487,107469.0
1488,173962.0
1489,88662.0
1490,10683.0
1491,
1492,88917.0
1493,251738.0
1494,69244.0
1495,247167.0
1496,239066.0
1497,
1498,160784.0
1499,
1500,202040.0
1501,
1502,
1503,
1504,
1505,197051.0
1506,
1507,
1508,
1509,
1510,96558.0
1511,
1512,152608.0
1513,
1514,239298.0
1515,93824.0
1516,192453.0
1517,
1518,133532.0
1519,
1520,163822.0
1521,
1522,
1523,
1524,125861.0
1525,
1526,141657.0
1527,
1528,
1529,112552.0
1530,251288.0
1531,
1532,
1533,
1534,
1535,215087.0
1536,
1537,226651.0
1538,
1539,22142.0
1540,171986.0
1541,213244.0
1542,
1543,
1544,16378.0
1545,
1546,
1547,214717.0
1548,
1549,
1550,160831.0
1551,
1552,
1553,30609.0
1554,
1555,35026.0
1556,
1557,
1558,
1559,
1560,
1561,
1562,
1563,21744.0
1564,78005.0
1565,
1566,181302.0
1567,
1568,
1569,207650.0
1570,
1571,245239.0
1572,162001.0
1573,
1574,171527.0
1575,86889.0
1576,
1577,196786.0
1578,
1579,
1580,
1581,
1582,229686.0
1583,13976.0
1584,
1585,38592.0
1586,
1587,
1588,
1589,
1590,
1591,
1592,213348.0
1593,63204.0
1594,160164.0
1595,
1596,
1597,
1598,134546.0
1599,126751.0
1600,42531.0
1601,
1602,38889.0
1603,166136.0
1604,181747.0
1605,152619.0
1606,212490.0
1607,142147.0
1608,208128.0
1609,7156.0
1610,11466.0
1611,
1612,145465.0
1613,164218.0
1614,193431.0
1615,105065.0
1616,161157.0
1617,
1618,
1619,
1620,241271.0
1621,121801.0
1622,202946.0
1623,
1624,75015.0
1625,
1626,15111.0
1627,110871.0
1628,122131.0
1629,
1630,
1631,78835.0
1632,
1633,185169.0
1634,
1635,
1636,
1637,
1638,
1639,80483.0
1640,
1641,
1642,62527.0
1643,24417.0
1644,73193.0
1645,
1646,155201.0
1647,62615.0
1648,
1649,40277.0
1650,
1651,
1652,
1653,192463.0
1654,125665.0
1655,129816.0
1656,125790.0
1657,77816.0
1658,
1659,
1660,
1661,
1662,
1663,
1664,
1665,124815.0
1666,
1667,
1668,
1669,135356.0
1670,
1671,108682.0
1672,
1673,
1674,192648.0
1675,92291.0
1676,
1677,
1678,
1679,
1680,
1681,127176.0
1682,
1683,
1684,249453.0
1685,171600.0
1686,
1687,245920.0
1688,
1689,
1690,85519.0
1691,236807.0
1692,
1693,
1694,128403.0
1695,126122.0
1696,
1697,
1698,
1699,
1700,
1701,152902.0
1702,
1703,82715.0
1704,
1705,40984.0
1706,249838.0
1707,
1708,75469.0
1709,
1710,208898.0
1711,
1712,178748.0
1713,
1714,
1715,92902.0
1716,
1717,247135.0
1718,
1719,
1720,
1721,173528.0
1722,
1723,
1724,243900.0
1725,197452.0
1726,
1727,145682.0
1728,181940.0
1729,147167.0
1730,
1731,
1732,
1733,
1734,37270.0
1735,171683.0
1736,7963.0
1737,239142.0
1738,
1739,4777.0
1740,
1741,
1742,
1743,
1744,195452.0
1745,232160.0
1746,
1747,
1748,15708.0
1749,
1750,52293.0
1751,
1752,167017.0
1753,132528.0
1754,
1755,
1756,230042.0
1757,86337.0
1758,
1759,
1760,181821.0
1761,
1762,174857.0
1763,
1764,
1765,62174.0
1766,140752.0
1767,56713.0
1768,
1769,75060.0
1770,72888.0
1771,
1772,
1773,79959.0
1774,
1775,235483.0
1776,
1777,68968.0
1778,30738.0
1779,
1780,95761.0
1781,247201.0
1782,
1783,
1784,
1785,73254.0
1786,
1787,
1788,
1789,
1790,64677.0
1791,
1792,
1793,
1794,235313.0
1795,
1796,34621.0
1797,155277.0
1798,148001.0
1799,61149.0
1800,168935.0
1801,133931.0
1802,
1803,
1804,104237.0
1805,180921.0
1806,25358.0
1807,
1808,1307.0
1809,
1810,
1811,
1812,
1813,
1814,
1815,50304.0
1816,
1817,
1818,162899.0
1819,
1820,
1821,144799.0
1822,134968.0
1823,182374.0
1824,
1825,
1826,44153.0
1827,222506.0
1828,
1829,
1830,251491.0
1831,100124.0
1832,
1833,236217.0
1834,
1835,233551.0
1836,
1837,2338.0
1838,143243.0
1839,27062.0
1840,
1841,71768.0
1842,
1843,
1844,124567.0
1845,236709.0
1846,
1847,
1848,
1849,
1850,40982.0
1851,
1852,64884.0
1853,
1854,
1855,199435.0
1856,
1857,190990.0
1858,44261.0
1859,
1860,226238.0
1861,208571.0
1862,
1863,21876.0
1864,
1865,
1866,35463.0
1867,
1868,62559.0
1869,
1870,59400.0
1871,190101.0
1872,240612.0
1873,
1874,
1875,2885.0
1876,164862.0
1877,
1878,
1879,
1880,77378.0
1881,102248.0
1882,126738.0
1883,225753.0
1884,
1885,78430.0
1886,29613.0
1887,231052.0
1888,
1889,155011.0
1890,55266.0
1891,
1892,38635.0
1893,188582.0
1894,152770.0
1895,
1896,
1897,118745.0
1898,
1899,
1900,55085.0
1901,
1902,190349.0
1903,220209.0
1904,20649.0
1905,
1906,
1907,
1908,142286.0
1909,15576.0
1910,138120.0
1911,127486.0
1912,
1913,37794.0
1914,82753.0
1915,
1916,
1917,51804.0
1918,
1919,22936.0
1920,
1921,203956.0
1922,
1923,129444.0
1924,115207.0
1925,
1926,
1927,203508.0
1928,182415.0
1929,
1930,
1931,
1932,
1933,11423.0
1934,
1935,16081.0
1936,
1937,
1938,17407.0
1939,
1940,
1941,103118.0
1942,193938.0
1943,
1944,
1945,162894.0
1946,
1947,250403.0
1948,
1949,
1950,228691.0
1951,94740.0
1952,172188.0
1953,166907.0
1954,136014.0
1955,
1956,
1957,45012.0
1958,135499.0
1959,133377.0
1960,
1961,56164.0
1962,876.0
1963,5734.0
1964,75249.0
1965,
1966,137312.0
1967,134156.0
1968,
1969,62424.0
1970,
1971,
1972,236419.0
1973,
1974,28460.0
1975,204154.0
1976,
1977,
1978,222887.0
1979,
1980,
1981,25447.0
1982,8469.0
1983,
1984,177372.0
1985,12277.0
1986,186768.0
1987,101453.0
1988,
1989,54797.0
1990,217837.0
1991,
1992,127085.0
1993,72954.0
1994,205745.0
1995,184492.0
1996,80429.0
1997,
1998,169616.0
1999,
2000,76107.0
2001,36131.0
2002,
2003,
2004,75788.0
2005,
2006,239221.0
2007,221868.0
2008,229904.0
2009,157878.0
2010,107742.0
2011,124998.0
2012,245216.0
2013,237472.0
2014,169316.0
2015,
2016,80387.0
2017,
2018,37634.0
2019,
2020,190267.0
2021,119424.0
2022,214208.0
2023,75847.0
2024,
2025,203220.0
2026,
2027,141836.0
2028,
2029,
2030,
2031,
2032,51283.0
2033,
2034,232590.0
2035,
2036,23320.0
2037,182744.0
2038,
2039,
2040,
2041,152060.0
2042,220331.0
2043,47456.0
2044,
2045,182673.0
2046,140945.0
2047,120906.0
2048,
2049,83975.0
2050,
2051,3868.0
2052,236356.0
2053,
2054,
2055,
2056,
2057,
2058,152433.0
2059,
2060,230799.0
2061,139237.0
2062,195588.0
2063,96005.0
2064,
2065,
2066,65967.0
2067,129335.0
2068,125416.0
2069,24870.0
2070,247493.0
2071,118408.0
2072,
2073,230598.0
2074,
2075,
2076,141871.0
2077,55807.0
2078,
2079,
2080,235750.0
2081,146063.0
2082,
2083,38439.0
2084,
2085,95798.0
2086,210178.0
2087,125926.0
2088,
2089,172722.0
2090,
2091,207209.0
2092,
2093,
2094,123731.0
2095,42430.0
2096,
2097,
2098,181666.0
2099,123156.0
2100,
2101,
2102,161867.0
2103,
2104,
2105,
2106,
2107,168527.0
2108,192770.0
2109,
2110,212494.0
2111,58369.0
2112,
2113,2306.0
2114,127548.0
2115,94123.0
2116,155821.0
2117,168159.0
2118,155489.0
2119,121867.0
2120,123039.0
2121,1668.0
2122,
2123,
2124,133522.0
2125,69291.0
2126,
2127,
2128,205082.0
2129,
2130,203319.0
2131,229449.0
2132,
2133,24291.0
2134,
2135,48407.0
2136,132775.0
2137,205601.0
2138,
2139,
2140,94086.0
2141,102402.0
2142,142496.0
2143,249741.0
2144,56963.0
2145,172519.0
2146,213836.0
2147,
2148,216447.0
2149,
2150,23582.0
2151,
2152,
2153,14153.0
2154,
2155,43224.0
2156,126067.0
2157,
2158,
2159,142712.0
2160,
2161,24051.0
2162,
2163,10732.0
2164,53321.0
2165,218943.0
2166,223845.0
2167,119924.0
2168,
2169,18751.0
2170,233437.0
2171,226810.0
2172,
2173,
2174,234239.0
2175,79315.0
2176,
2177,148053.0
2178,189722.0
2179,179749.0
2180,
2181,19404.0
2182,40971.0
2183,
2184,
2185,98147.0
2186,226108.0
2187,
2188,
2189,35297.0
2190,249299.0
2191,182637.0
2192,126302.0
2193,245729.0
2194,
2195,110236.0
2196,211518.0
2197,
2198,
2199,240820.0
2200,
2201,
2202,
2203,68935.0
2204,250335.0
2205,123733.0
2206,
2207,
2208,108914.0
2209,
2210,
2211,
2212,
2213,201273.0
2214,179849.0
2215,
2216,
2217,
2218,
2219,186545.0
2220,79868.0
2221,
2222,1311.0
2223,77747.0
2224,
2225,68037.0
2226,33419.0
2227,
2228,
2229,
2230,102911.0
2231,6624.0
2232,
2233,
2234,
2235,81823.0
2236,97159.0
2237,73606.0
2238,97805.0
2239,
2240,227271.0
2241,
2242,
2243,
2244,42770.0
2245,96023.0
2246,35017.0
2247,75947.0
2248,124368.0
2249,15957.0
2250,109628.0
2251,
2252,
2253,19400.0
2254,
2255,
2256,157636.0
2257,149761.0
2258,49319.0
2259,26979.0
2260,
2261,
2262,
2263,
2264,202792.0
2265,83112.0
2266,
2267,205667.0
2268,216772.0
2269,245704.0
2270,34332.0
2271,80874.0
2272,238908.0
2273,
2274,
2275,
2276,244317.0
2277,
2278,
2279,
2280,145240.0
2281,
2282,
2283,
2284,99100.0
2285,28723.0
2286,142206.0
2287,149363.0
2288,137610.0
2289,171931.0
2290,
2291,240352.0
2292,116423.0
2293,
2294,110581.0
2295,73475.0
2296,174736.0
2297,
2298,200668.0
2299,
2300,
2301,
2302,
2303,166118.0
2304,
2305,
2306,
2307,
2308,
2309,101085.0
2310,127770.0
2311,
2312,174452.0
2313,137110.0
2314,199423.0
2315,90675.0
2316,225850.0
2317,
2318,160952.0
2319,
2320,193934.0
2321,165850.0
2322,89535.0
2323,163176.0
2324,11172.0
2325,248070.0
2326,
2327,
2328,
2329,243558.0
2330,
2331,2661.0
2332,65255.0
2333,128795.0
2334,130843.0
2335,
2336,
2337,112428.0
2338,98646.0
2339,
2340,148445.0
2341,126220.0
2342,87003.0
2343,
2344,
2345,
2346,242552.0
2347,
2348,237243.0
2349,
2350,78660.0
2351,114837.0
2352,
2353,
2354,120091.0
2355,110508.0
2356,175727.0
2357,80431.0
2358,75728.0
2359,
2360,29025.0
2361,
2362,
2363,
2364,41451.0
2365,248144.0
2366,
2367,43998.0
2368,40387.0
2369,141197.0
2370,
2371,58475.0
2372,102155.0
2373,
2374,161532.0
2375,
2376,
2377,
2378,49767.0
2379,149357.0
2380,
2381,177738.0
2382,51900.0
2383,
2384,203965.0
2385,
2386,25663.0
2387,
2388,47153.0
2389,
2390,115397.0
2391,
2392,
2393,
2394,161186.0
2395,
2396,154175.0
2397,148045.0
2398,
2399,213243.0
2400,
2401,205229.0
2402,
2403,
2404,154976.0
2405,21375.0
2406,33783.0
2407,29726.0
2408,
2409,
2410,174888.0
2411,
2412,
2413,
2414,96774.0
2415,
2416,160277.0
2417,174887.0
2418,
2419,252179.0
2420,
2421,
2422,35384.0
2423,
2424,113745.0
2425,13521.0
2426,
2427,
2428,
2429,205601.0
2430,243082.0
2431,
2432,124834.0
2433,172684.0
2434,
2435,
2436,123252.0
2437,
2438,
2439,
2440,
2441,
2442,
2443,42423.0
2444,
2445,187267.0
2446,
2447,
2448,28553.0
2449,28804.0
2450,
2451,207636.0
2452,
2453,207466.0
2454,
2455,181330.0
2456,137793.0
2457,
2458,25830.0
2459,
2460,
2461,
2462,
2463,
2464,87913.0
2465,205983.0
2466,110736.0
2467,
2468,
2469,59759.0
2470,204463.0
2471,
2472,88431.0
2473,179255.0
2474,159588.0
2475,41862.0
2476,
2477,52111.0
2478,
2479,14971.0
2480,88478.0
2481,70891.0
2482,
2483,81627.0
2484,
2485,72972.0
2486,
2487,216396.0
2488,
2489,
2490,24017.0
2491,
2492,198155.0
2493,231718.0
2494,250309.0
2495,
2496,
2497,218429.0
2498,
2499,
2500,208947.0
2501,192047.0
2502,
2503,
2504,145630.0
2505,
2506,104470.0
2507,
2508,
2509,221972.0
2510,
2511,
2512,
2513,
2514,
2515,239658.0
2516,
2517,
2518,
2519,
2520,184344.0
2521,115623.0
2522,167500.0
2523,90346.0
2524,15973.0
2525,134784.0
2526,
2527,108358.0
2528,
2529,
2530,
2531,85184.0
2532,
2533,142784.0
2534,122405.0
2535,86693.0
2536,
2537,
2538,25114.0
2539,
2540,
2541,31334.0
2542,
2543,
2544,171.0
2545,
2546,51026.0
2547,
2548,33270.0
2549,163932.0
2550,
2551,
2552,69109.0
2553,
2554,
2555,
2556,227943.0
2557,
2558,99959.0
2559,
2560,176402.0
2561,59053.0
2562,165316.0
2563,177476.0
2564,274.0
2565,120253.0
2566,
2567,
2568,171495.0
2569,
2570,175433.0
2571,
2572,249217.0
2573,
2574,
2575,
2576,96612.0
2577,
2578,25833.0
2579,79029.0
2580,222189.0
2581,
2582,195070.0
2583,
2584,
2585,250424.0
2586,36029.0
2587,
2588,
2589,163938.0
2590,110995.0
2591,
2592,158405.0
2593,
2594,103835.0
2595,173155.0
2596,216886.0
2597,21864.0
2598,25338.0
2599,
2600,
2601,96855.0
2602,
2603,
2604,
2605,
2606,
2607,139569.0
2608,151325.0
2609,153238.0
2610,196460.0
2611,
2612,213842.0
2613,166053.0
2614,76078.0
2615,130579.0
2616,128504.0
2617,188610.0
2618,74537.0
2619,
2620,
2621,
2622,
2623,
2624,125997.0
2625,149792.0
2626,133236.0
2627,246580.0
2628,
2629,235540.0
2630,33287.0
2631,
2632,143348.0
2633,92159.0
2634,
2635,192363.0
2636,
2637,
2638,4210.0
2639,
2640,
2641,10045.0
2642,15251.0
2643,
2644,127770.0
2645,
2646,
2647,
2648,
2649,
2650,
2651,155370.0
2652,69979.0
2653,
2654,
2655,51248.0
2656,
2657,135280.0
2658,98545.0
2659,159972.0
2660,
2661,
2662,16675.0
2663,
2664,
2665,213483.0
2666,14605.0
2667,
2668,109579.0
2669,114343.0
2670,153550.0
2671,
2672,
2673,186797.0
2674,30125.0
2675,178536.0
2676,
2677,
2678,240355.0
2679,131905.0
2680,
2681,181780.0
2682,
2683,32013.0
2684,
2685,67784.0
2686,223558.0
2687,
2688,
2689,
2690,
2691,16109.0
2692,179651.0
2693,145434.0
2694,
2695,
2696,90825.0
2697,126004.0
2698,142971.0
2699,
2700,64342.0
2701,25954.0
2702,
2703,182288.0
2704,57605.0
2705,
2706,
2707,217635.0
2708,
2709,118981.0
2710,
2711,
2712,234843.0
2713,
2714,139435.0
2715,
2716,
2717,
2718,
2719,104982.0
2720,
2721,
2722,19644.0
2723,94024.0
2724,
2725,
2726,45232.0
2727,202858.0
2728,
2729,
2730,
2731,
2732,
2733,
2734,82547.0
2735,139492.0
2736,2010.0
2737,50611.0
2738,
2739,
2740,
2741,117005.0
2742,
2743,124428.0
2744,194857.0
2745,49287.0
2746,227096.0
2747,
2748,
2749,1609.0
2750,103413.0
2751,58763.0
2752,87370.0
2753,211744.0
2754,
2755,239844.0
2756,
2757,
2758,
2759,183407.0
2760,26217.0
2761,133622.0
2762,
2763,124092.0
2764,15106.0
2765,
2766,179482.0
2767,
2768,232350.0
2769,226300.0
2770,
2771,176757.0
2772,93944.0
2773,
2774,
2775,24105.0
2776,
2777,206798.0
2778,
2779,
2780,109705.0
2781,
2782,59715.0
2783,
2784,79447.0
2785,
2786,
2787,
2788,
2789,68589.0
2790,18837.0
2791,51125.0
2792,
2793,147466.0
2794,
2795,
2796,117541.0
2797,
2798,
2799,
2800,
2801,77757.0
2802,66837.0
2803,
2804,
2805,173026.0
2806,208419.0
2807,
2808,10172.0
2809,
2810,
2811,
2812,
2813,
2814,
2815,
2816,
2817,249853.0
2818,7840.0
2819,
2820,
2821,188669.0
2822,
2823,116530.0
2824,
2825,35257.0
2826,
2827,209424.0
2828,
2829,
2830,
2831,
2832,
2833,162593.0
2834,146865.0
2835,
2836,
2837,
2838,
2839,227614.0
2840,111836.0
2841,
2842,
2843,
2844,
2845,10769.0
2846,116265.0
2847,42368.0
2848,
2849,207233.0
2850,
2851,
2852,
2853,
2854,
2855,
2856,70581.0
2857,
2858,8739.0
2859,156159.0
2860,61988.0
2861,74427.0
2862,103907.0
2863,
2864,
2865,
2866,
2867,50305.0
2868,223113.0
2869,
2870,159079.0
2871,
2872,200464.0
2873,
2874,
2875,
2876,137330.0
2877,
2878,230181.0
2879,126706.0
2880,
2881,
2882,80423.0
2883,55238.0
2884,225916.0
2885,
2886,
2887,250069.0
2888,133525.0
2889,
2890,
2891,245642.0
2892,
2893,
2894,67220.0
2895,
2896,231337.0
2897,
2898,
2899,
2900,
2901,201106.0
2902,89484.0
2903,211656.0
2904,213169.0
2905,44414.0
2906,149436.0
2907,203330.0
2908,
2909,230510.0
2910,7114.0
2911,
2912,238979.0
2913,
2914,142019.0
2915,
2916,249180.0
2917,
2918,
2919,
2920,
2921,22764.0
2922,58669.0
2923,
2924,
2925,173.0
2926,
2927,50811.0
2928,32910.0
2929,180815.0
2930,231721.0
2931,
2932,
2933,
2934,147946.0
2935,
2936,
2937,
2938,217065.0
2939,
2940,94222.0
2941,237557.0
2942,
2943,
2944,76107.0
2945,34414.0
2946,39724.0
2947,239265.0
2948,
2949,
2950,163726.0
2951,
2952,
2953,174919.0
2954,234259.0
2955,198483.0
2956,
2957,148536.0
2958,
2959,
2960,
2961,
2962,183815.0
2963,239289.0
2964,
2965,98764.0
2966,250763.0
2967,
2968,
2969,151925.0
2970,
2971,244016.0
2972,55711.0
2973,142635.0
2974,
2975,
2976,187979.0
2977,60024.0
2978,
2979,
2980,223282.0
2981,
2982,
2983,161185.0
2984,223618.0
2985,
2986,66888.0
2987,
2988,
2989,
2990,
2991,
2992,97335.0
2993,184761.0
2994,
2995,223088.0
2996,124358.0
2997,
2998,137710.0
2999,
3000,120930.0
3001,217918.0
3002,164178.0
3003,
3004,41023.0
3005,
3006,213305.0
3007,
3008,80382.0
3009,240013.0
3010,
3011,42902.0
3012,
3013,
3014,137968.0
3015,226511.0
3016,23482.0
3017,
3018,154764.0
3019,121749.0
3020,
3021,
3022,41613.0
3023,
3024,
3025,
3026,
3027,
3028,
3029,182101.0
3030,184103.0
3031,66901.0
3032,
3033,
3034,
3035,144203.0
3036,211815.0
3037,38736.0
3038,
3039,107844.0
3040,74287.0
3041,166965.0
3042,151377.0
3043,50359.0
3044,6491.0
3045,
3046,
3047,20665.0
3048,212802.0
3049,77768.0
3050,
3051,123353.0
3052,
3053,
3054,
3055,
3056,
3057,93165.0
3058,112427.0
3059,
3060,
3061,57060.0
3062,67733.0
3063,
3064,189717.0
3065,168339.0
3066,21616.0
3067,86706.0
3068,
3069,
3070,
3071,
3072,
3073,
3074,
3075,
3076,
3077,119753.0
3078,222357.0
3079,
3080,
3081,227685.0
3082,180151.0
3083,126632.0
3084,
3085,
3086,170878.0
3087,
3088,
3089,
3090,
3091,
3092,245184.0
3093,203898.0
3094,31825.0
3095,
3096,249249.0
3097,109808.0
3098,251516.0
3099,158189.0
3100,210366.0
3101,
3102,
3103,230559.0
3104,
3105,97881.0
3106,100215.0
3107,
3108,
3109,115550.0
3110,
3111,198372.0
3112,
3113,
3114,
3115,
3116,
3117,
3118,
3119,
3120,233271.0
3121,141912.0
3122,25471.0
3123,72154.0
3124,135089.0
3125,86726.0
3126,
3127,
3128,122467.0
3129,153583.0
3130,
3131,69461.0
3132,36281.0
3133,153506.0
3134,
3135,9782.0
3136,224355.0
3137,83605.0
3138,59919.0
3139,188082.0
3140,232239.0
3141,226235.0
3142,
3143,
3144,
3145,70705.0
3146,123989.0
3147,
3148,24771.0
3149,219141.0
3150,33893.0
3151,
3152,111755.0
3153,
3154,67949.0
3155,
3156,162812.0
3157,47399.0
3158,
3159,207809.0
3160,186870.0
3161,191548.0
3162,
3163,207064.0
3164,
3165,
3166,
3167,127816.0
3168,34212.0
3169,
3170,221772.0
3171,7301.0
3172,48616.0
3173,
3174,211089.0
3175,62923.0
3176,
3177,
3178,177712.0
3179,69099.0
3180,207692.0
3181,127395.0
3182,160253.0
3183,31242.0
3184,7709.0
3185,
3186,149821.0
3187,44788.0
3188,219539.0
3189,148014.0
3190,88211.0
3191,41239.0
3192,
3193,188891.0
3194,173731.0
3195,71896.0
3196,97494.0
3197,41086.0
3198,
3199,
3200,216167.0
3201,
3202,170918.0
3203,67864.0
3204,103280.0
3205,
3206,
3207,
3208,2245.0
3209,
3210,163270.0
3211,
3212,2135.0
3213,63654.0
3214,
3215,
3216,243888.0
3217,162102.0
3218,
3219,
3220,
3221,63556.0
3222,
3223,
3224,207895.0
3225,100164.0
3226,
3227,129006.0
3228,
3229,
3230,
3231,
3232,153605.0
3233,
3234,
3235,16100.0
3236,
3237,
3238,
3239,65863.0
3240,
3241,
3242,
3243,
3244,193056.0
3245,
3246,203133.0
3247,
3248,
3249,
3250,
3251,
3252,165295.0
3253,251566.0
3254,
3255,105564.0
3256,
3257,8908.0
3258,178578.0
3259,
3260,47898.0
3261,
3262,
3263,
3264,
3265,228630.0
3266,
3267,127947.0
3268,
3269,212013.0
3270,221056.0
3271,45684.0
3272,
3273,32269.0
3274,
3275,203868.0
3276,
3277,
3278,171427.0
3279,84648.0
3280,
3281,
3282,
3283,
3284,198760.0
3285,83560.0
3286,65715.0
3287,
3288,214680.0
3289,
3290,218508.0
3291,
3292,238157.0
3293,17961.0
3294,
3295,126223.0
3296,218787.0
3297,
3298,75247.0
3299,
3300,
3301,
3302,
3303,
3304,
3305,228654.0
3306,
3307,
3308,
3309,196453.0
3310,122970.0
3311,159149.0
3312,44596.0
3313,
3314,
3315,
3316,191976.0
3317,42524.0
3318,
3319,
3320,192576.0
3321,22205.0
3322,
3323,
3324,101738.0
3325,243460.0
3326,96674.0
3327,
3328,
3329,94098.0
3330,
3331,81264.0
3332,210144.0
3333,48065.0
3334,
3335,
3336,
3337,174910.0
3338,
3339,
3340,
3341,148466.0
3342,
3343,
3344,75208.0
3345,73348.0
3346,183563.0
3347,
3348,
3349,223951.0
3350,251063.0
3351,
3352,227333.0
3353,
3354,
3355,
3356,231576.0
3357,
3358,
3359,183395.0
3360,
3361,
3362,
3363,42619.0
3364,
3365,
3366,9424.0
3367,
3368,64512.0
3369,134862.0
3370,
3371,250863.0
3372,
3373,164833.0
3374,4979.0
3375,173958.0
3376,
3377,
3378,
3379,
3380,
3381,175331.0
3382,158968.0
3383,75943.0
3384,
3385,
3386,68090.0
3387,152744.0
3388,
3389,209494.0
3390,26460.0
3391,181276.0
3392,
3393,28755.0
3394,26801.0
3395,
3396,
3397,
3398,
3399,
3400,177410.0
3401,74489.0
3402,
3403,125183.0
3404,52382.0
3405,
3406,83380.0
3407,691.0
3408,169389.0
3409,
3410,210649.0
3411,168731.0
3412,37615.0
3413,22720.0
3414,129055.0
3415,
3416,25546.0
3417,
3418,58300.0
3419,
3420,
3421,
3422,
3423,44061.0
3424,
3425,73283.0
3426,
3427,
3428,
3429,23959.0
3430,191223.0
3431,
3432,214878.0
3433,
3434,
3435,90170.0
3436,110394.0
3437,
3438,221556.0
3439,23443.0
3440,205538.0
3441,46121.0
3442,101078.0
3443,242699.0
3444,68558.0
3445,
3446,
3447,
3448,
3449,200984.0
3450,28514.0
3451,
3452,
3453,
3454,
3455,104924.0
3456,
3457,202335.0
3458,171094.0
3459,45715.0
3460,
3461,
3462,7268.0
3463,172625.0
3464,
3465,
3466,
3467,232129.0
3468,28484.0
3469,103728.0
3470,
3471,65980.0
3472,
3473,177695.0
3474,
3475,193574.0
3476,
3477,142499.0
3478,246630.0
3479,
3480,85321.0
3481,131929.0
3482,176690.0
3483,
3484,166887.0
3485,62693.0
3486,
3487,170565.0
3488,
3489,
3490,
3491,
3492,13762.0
3493,162268.0
3494,
3495,214083.0
3496,
3497,219271.0
3498,18882.0
3499,123996.0
3500,
3501,
3502,12699.0
3503,56168.0
3504,
3505,101709.0
3506,59268.0
3507,
3508,202082.0
3509,
3510,
3511,
3512,29939.0
3513,125440.0
3514,
3515,
3516,
3517,
3518,
3519,22925.0
3520,
3521,156131.0
3522,
3523,128205.0
3524,
3525,169349.0
3526,239684.0
3527,91637.0
3528,
3529,56221.0
3530,114617.0
3531,
3532,
3533,119327.0
3534,
3535,
3536,
3537,191504.0
3538,55926.0
3539,
3540,209301.0
3541,243235.0
3542,
3543,131647.0
3544,
3545,
3546,41401.0
3547,35422.0
3548,
3549,181981.0
3550,26977.0
3551,
3552,47300.0
3553,234605.0
3554,
3555,
3556,
3557,180777.0
3558,
3559,
3560,
3561,
3562,
3563,
3564,
3565,
3566,241156.0
3567,33956.0
3568,
3569,
3570,
3571,
3572,211553.0
3573,
3574,128204.0
3575,
3576,44692.0
3577,
3578,184234.0
3579,
3580,97706.0
3581,
3582,222620.0
3583,127139.0
3584,
3585,
3586,230997.0
3587,192274.0
3588,69002.0
3589,
3590,244762.0
3591,114210.0
3592,33637.0
3593,
3594,176547.0
3595,
3596,
3597,
3598,
3599,
3600,
3601,159541.0
3602,
3603,
3604,73286.0
3605,
3606,169576.0
3607,
3608,163955.0
3609,
3610,
3611,
3612,
3613,29106.0
3614,88836.0
3615,
3616,
3617,
3618,
3619,188616.0
3620,
3621,
3622,213693.0
3623,203858.0
3624,131835.0
3625,6374.0
3626,36652.0
3627,169041.0
3628,
3629,189200.0
3630,
3631,72286.0
3632,
3633,211696.0
3634,
3635,
3636,190060.0
3637,
3638,
3639,25846.0
3640,
3641,186503.0
3642,
3643,
3644,141555.0
3645,
3646,
3647,
3648,72544.0
3649,167588.0
3650,233664.0
3651,97743.0
3652,
3653,246107.0
3654,78853.0
3655,139249.0
3656,
3657,63390.0
3658,
3659,196953.0
3660,
3661,
3662,229881.0
3663,
3664,
3665,
3666,137859.0
3667,152177.0
3668,
3669,243198.0
3670,
3671,
3672,172170.0
3673,47157.0
3674,43832.0
3675,
3676,95131.0
3677,
3678,
3679,
3680,
3681,
3682,83370.0
3683,178987.0
3684,39043.0
3685,
3686,
3687,
3688,
3689,
3690,166932.0
3691,123719.0
3692,
3693,
3694,
3695,
3696,55476.0
3697,46373.0
3698,
3699,127399.0
3700,
3701,135443.0
3702,23190.0
3703,55788.0
3704,
3705,83703.0
3706,90995.0
3707,55093.0
3708,189823.0
3709,133794.0
3710,
3711,207738.0
3712,
3713,2221.0
3714,
3715,112400.0
3716,
3717,
3718,156652.0
3719,
3720,
3721,
3722,
3723,
3724,
3725,
3726,71331.0
3727,
3728,207340.0
3729,94566.0
3730,202474.0
3731,112372.0
3732,
3733,
3734,
3735,
3736,
3737,
3738,
3739,
3740,1849.0
3741,
3742,
3743,
3744,218145.0
3745,106988.0
3746,26211.0
3747,
3748,
3749,
3750,
3751,163066.0
3752,
3753,188369.0
3754,
3755,115819.0
3756,
3757,22074.0
3758,13687.0
3759,
3760,
3761,
3762,57414.0
3763,
3764,97864.0
3765,
3766,109211.0
3767,
3768,
3769,
3770,161770.0
3771,
3772,
3773,147693.0
3774,
3775,18308.0
3776,
3777,
3778,198458.0
3779,
3780,
3781,
3782,110384.0
3783,
3784,166638.0
3785,119542.0
3786,134543.0
3787,
3788,98610.0
3789,201129.0
3790,
3791,242150.0
3792,
3793,170816.0
3794,
3795,
3796,183939.0
3797,
3798,
3799,
3800,
3801,
3802,1269.0
3803,
3804,135472.0
3805,
3806,76845.0
3807,
3808,227879.0
3809,
3810,104074.0
3811,
3812,
3813,40594.0
3814,
3815,
3816,
3817,
3818,201678.0
3819,214942.0
3820,
3821,
3822,
3823,116333.0
3824,138628.0
3825,73304.0
3826,16990.0
3827,24768.0
3828,
3829,122872.0
3830,83442.0
3831,32337.0
3832,
3833,25232.0
3834,156245.0
3835,227014.0
3836,80147.0
3837,113655.0
3838,155445.0
3839,77093.0
3840,147330.0
3841,
3842,91927.0
3843,
3844,
3845,1219.0
3846,
3847,55870.0
3848,186585.0
3849,
3850,211880.0
3851,33873.0
3852,
3853,221407.0
3854,116733.0
3855,90477.0
3856,
3857,139134.0
3858,
3859,
3860,
3861,216572.0
3862,
3863,135842.0
3864,
3865,
3866,
3867,
3868,
3869,127913.0
3870,
3871,
3872,102177.0
3873,
3874,228574.0
3875,
3876,
3877,
3878,119067.0
3879,
3880,
3881,56319.0
3882,
3883,184923.0
3884,73392.0
3885,
3886,128728.0
3887,
3888,126649.0
3889,
3890,
3891,
3892,
3893,
3894,
3895,112539.0
3896,
3897,239269.0
3898,
3899,
3900,185602.0
3901,121942.0
3902,90490.0
3903,55188.0
3904,
3905,
3906,
3907,10797.0
3908,
3909,228933.0
3910,91110.0
3911,
3912,114663.0
3913,
3914,247309.0
3915,
3916,
3917,131493.0
3918,209241.0
3919,210559.0
3920,66410.0
3921,
3922,
3923,
3924,92130.0
3925,
3926,210709.0
3927,130305.0
3928,94912.0
3929,228811.0
3930,
3931,
3932,218843.0
3933,
3934,121591.0
3935,152385.0
3936,
3937,35049.0
3938,41767.0
3939,
3940,162288.0
3941,53346.0
3942,47139.0
3943,91355.0
3944,
3945,29844.0
3946,
3947,204581.0
3948,
3949,121441.0
3950,
3951,53141.0
3952,
3953,
3954,
3955,
3956,
3957,
3958,158773.0
3959,
3960,
3961,
3962,
3963,
3964,241672.0
3965,151161.0
3966,142144.0
3967,4697.0
3968,
3969,
3970,71489.0
3971,21627.0
3972,113291.0
3973,250383.0
3974,218738.0
3975,
3976,
3977,
3978,
3979,
3980,
3981,
3982,66714.0
3983,
3984,
3985,
3986,148951.0
3987,
3988,97216.0
3989,
3990,
3991,
3992,127202.0
3993,
3994,
3995,24287.0
3996,120017.0
3997,155042.0
3998,
3999,197695.0
4000,126942.0
4001,
4002,
4003,32870.0
4004,
4005,208705.0
4006,
4007,195426.0
4008,163739.0
4009,131662.0
4010,93411.0
4011,
4012,133622.0
4013,57878.0
4014,202344.0
4015,199130.0
4016,
4017,
4018,
4019,192064.0
4020,175713.0
4021,
4022,
4023,120337.0
4024,58641.0
4025,216657.0
4026,71441.0
4027,221124.0
4028,103063.0
4029,47672.0
4030,178851.0
4031,
4032,145771.0
4033,29717.0
4034,
4035,165080.0
4036,173458.0
4037,79672.0
4038,91366.0
4039,
4040,
4041,
4042,215629.0
4043,106824.0
4044,
4045,69498.0
4046,171652.0
4047,190407.0
4048,104218.0
4049,
4050,
4051,93370.0
4052,
4053,
4054,77340.0
4055,
4056,
4057,185568.0
4058,
4059,
4060,188602.0
4061,
4062,176370.0
4063,
4064,
4065,
4066,85356.0
4067,138858.0
4068,
4069,178256.0
4070,40539.0
4071,
4072,1335.0
4073,22973.0
4074,36653.0
4075,233507.0
4076,
4077,16162.0
4078,
4079,20187.0
4080,
4081,96929.0
4082,
4083,
4084,
4085,179470.0
4086,150685.0
4087,
4088,206865.0
4089,
4090,110711.0
4091,
4092,165669.0
4093,202750.0
4094,
4095,
4096,151201.0
4097,
4098,58429.0
4099,42745.0
4100,
4101,60342.0
4102,
4103,
4104,
4105,196637.0
4106,
4107,99657.0
4108,147812.0
4109,
4110,185856.0
4111,17306.0
4112,22741.0
4113,
4114,
4115,230769.0
4116,87792.0
4117,242946.0
4118,69737.0
4119,
4120,
4121,
4122,144994.0
4123,65853.0
4124,
4125,
4126,18257.0
4127,
4128,
4129,202506.0
4130,
4131,
4132,
4133,144991.0
4134,175078.0
4135,243644.0
4136,142034.0
4137,194189.0
4138,191038.0
4139,242429.0
4140,
4141,
4142,148000.0
4143,6898.0
4144,
4145,17038.0
4146,159813.0
4147,
4148,
4149,
4150,79629.0
4151,
4152,130265.0
4153,2453.0
4154,
4155,
4156,23458.0
4157,169910.0
4158,207079.0
4159,
4160,234902.0
4161,
4162,89164.0
4163,225551.0
4164,
4165,238867.0
4166,
4167,229488.0
4168,
4169,
4170,
4171,
4172,
4173,51139.0
4174,62975.0
4175,156013.0
4176,
4177,26908.0
4178,232076.0
4179,170443.0
4180,
4181,154810.0
4182,192746.0
4183,136562.0
4184,
4185,
4186,
4187,124171.0
4188,248513.0
4189,
4190,219107.0
4191,
4192,248269.0
4193,
4194,
4195,56013.0
4196,
4197,13657.0
4198,
4199,
4200,136384.0
4201,
4202,
4203,
4204,
4205,
4206,
4207,
4208,173822.0
4209,
4210,
4211,
4212,
4213,154546.0
4214,
4215,138350.0
4216,59808.0
4217,118876.0
4218,154623.0
4219,92288.0
4220,
4221,
4222,
4223,
4224,215465.0
4225,
4226,
4227,33074.0
4228,
4229,
4230,25188.0
4231,68083.0
4232,59472.0
4233,109008.0
4234,96061.0
4235,36783.0
4236,241901.0
4237,37717.0
4238,
4239,44542.0
4240,
4241,251085.0
4242,214220.0
4243,
4244,181729.0
4245,
4246,75670.0
4247,
4248,
4249,
4250,174158.0
4251,15142.0
4252,
4253,
4254,
4255,
4256,84402.0
4257,
4258,141323.0
4259,235015.0
4260,64997.0
4261,
4262,
4263,218754.0
4264,242902.0
4265,50179.0
4266,145243.0
4267,
4268,
4269,196798.0
4270,
4271,169782.0
4272,122948.0
4273,185755.0
4274,224369.0
4275,
4276,72263.0
4277,
4278,36532.0
4279,42264.0
4280,
4281,85091.0
4282,
4283,
4284,214097.0
4285,
4286,40857.0
4287,
4288,
4289,73482.0
4290,67458.0
4291,
4292,
4293,112206.0
4294,
4295,
4296,148024.0
4297,
4298,104410.0
4299,
4300,
4301,
4302,
4303,
4304,176719.0
4305,
4306,42096.0
4307,
4308,
4309,221610.0
4310,138318.0
4311,6650.0
4312,100129.0
4313,
4314,
4315,66192.0
4316,39161.0
4317,165152.0
4318,223320.0
4319,78025.0
4320,
4321,
4322,
4323,
4324,211478.0
4325,7206.0
4326,167350.0
4327,
4328,
4329,120089.0
4330,245895.0
4331,
4332,
4333,112192.0
4334,
4335,
4336,44650.0
4337,150714.0
4338,159153.0
4339,
4340,142240.0
4341,
4342,
4343,
4344,
4345,136107.0
4346,202951.0
4347,111439.0
4348,92253.0
4349,
4350,
4351,
4352,
4353,
4354,86730.0
4355,
4356,2098.0
4357,
4358,
4359,
4360,
4361,
4362,73877.0
4363,58314.0
4364,1821.0
4365,
4366,
4367,
4368,
4369,41178.0
4370,185905.0
4371,
4372,95424.0
4373,66325.0
4374,106491.0
4375,
4376,
4377,
4378,
4379,
4380,71797.0
4381,187370.0
4382,
4383,
4384,
4385,46004.0
4386,
4387,160627.0
4388,
4389,
4390,157061.0
4391,47362.0
4392,4892.0
4393,12518.0
4394,134922.0
4395,46895.0
4396,25794.0
4397,67893.0
4398,
4399,183380.0
4400,
4401,38004.0
4402,124483.0
4403,86232.0
4404,
4405,
4406,
4407,
4408,199601.0
4409,
4410,212746.0
4411,240009.0
4412,14134.0
4413,195623.0
4414,18004.0
4415,118573.0
4416,
4417,
4418,206114.0
4419,208889.0
4420,
4421,193730.0
4422,
4423,194507.0
4424,111717.0
4425,
4426,
4427,116225.0
4428,194449.0
4429,
4430,247694.0
4431,
4432,171863.0
4433,
4434,
4435,158678.0
4436,
4437,236422.0
4438,131380.0
4439,
4440,
4441,50119.0
4442,
4443,
4444,
4445,28482.0
4446,
4447,81844.0
4448,42209.0
4449,69634.0
4450,30177.0
4451,
4452,2253.0
4453,10591.0
4454,
4455,
4456,150368.0
4457,93669.0
4458,22568.0
4459,
4460,
4461,
4462,
4463,251441.0
4464,157661.0
4465,15076.0
4466,
4467,176878.0
4468,199611.0
4469,31735.0
4470,
4471,247583.0
4472,
4473,190843.0
4474,
4475,110647.0
4476,48667.0
4477,173832.0
4478,90332.0
4479,
4480,226647.0
4481,122396.0
4482,110340.0
4483,74329.0
4484,
4485,47863.0
4486,
4487,
4488,
4489,69438.0
4490,
4491,
4492,
4493,
4494,39099.0
4495,
4496,66418.0
4497,92588.0
4498,
4499,160913.0
4500,95597.0
4501,46793.0
4502,
4503,216096.0
4504,195715.0
4505,
4506,
4507,
4508,
4509,
4510,132173.0
4511,
4512,
4513,
4514,
4515,
4516,
4517,131954.0
4518,
4519,210640.0
4520,32730.0
4521,220299.0
4522,50966.0
4523,122413.0
4524,24907.0
4525,144012.0
4526,210919.0
4527,
4528,
4529,176875.0
4530,64549.0
4531,92396.0
4532,
4533,
4534,
4535,52645.0
4536,
4537,
4538,20166.0
4539,202021.0
4540,15309.0
4541,140735.0
4542,
4543,
4544,93081.0
4545,
4546,
4547,67040.0
4548,10253.0
4549,
4550,
4551,238233.0
4552,242264.0
4553,24494.0
4554,182892.0
4555,
4556,47783.0
4557,132708.0
4558,62740.0
4559,
4560,
4561,188950.0
4562,104712.0
4563,
4564,
4565,90280.0
4566,115692.0
4567,
4568,222652.0
4569,
4570,45497.0
4571,
4572,
4573,39893.0
4574,251809.0
4575,
4576,
4577,79484.0
4578,
4579,81880.0
4580,93750.0
4581,
4582,
4583,
4584,
4585,142028.0
4586,
4587,193115.0
4588,
4589,64083.0
4590,242533.0
4591,
4592,
4593,
4594,
4595,150254.0
4596,
4597,250543.0
4598,
4599,
4600,55961.0
4601,215817.0
4602,5474.0
4603,
4604,
4605,69598.0
4606,
4607,140307.0
4608,233522.0
4609,
4610,9518.0
4611,89698.0
4612,34908.0
4613,92580.0
4614,146822.0
4615,
4616,204557.0
4617,23179.0
4618,100831.0
4619,
4620,
4621,
4622,199974.0
4623,
4624,208247.0
4625,173919.0
4626,
4627,228915.0
4628,150120.0
4629,
4630,184309.0
4631,
4632,19793.0
4633,
4634,
4635,
4636,
4637,
4638,218871.0
4639,
4640,
4641,
4642,
4643,
4644,
4645,96465.0
4646,76868.0
4647,
4648,136173.0
4649,
4650,
4651,
4652,
4653,
4654,99087.0
4655,
4656,150095.0
4657,127295.0
4658,
4659,
4660,99450.0
4661,33339.0
4662,
4663,
4664,
4665,100678.0
4666,21458.0
4667,126562.0
4668,195162.0
4669,
4670,34015.0
4671,141057.0
4672,123041.0
4673,164500.0
4674,
4675,
4676,
4677,
4678,
4679,
4680,81566.0
4681,
4682,22597.0
4683,169418.0
4684,
4685,87845.0
4686,
4687,149779.0
4688,
4689,76877.0
4690,
4691,155414.0
4692,249723.0
4693,
4694,36777.0
4695,11319.0
4696,
4697,
4698,
4699,
4700,215071.0
4701,28341.0
4702,
4703,
4704,233725.0
4705,219103.0
4706,206842.0
4707,
4708,
4709,
4710,
4711,5738.0
4712,
4713,135688.0
4714,51400.0
4715,
4716,
4717,121822.0
4718,
4719,35649.0
4720,176229.0
4721,
4722,147037.0
4723,
4724,
4725,42956.0
4726,71630.0
4727,199037.0
4728,
4729,
4730,
4731,2102.0
4732,
4733,68426.0
4734,
4735,166480.0
4736,217976.0
4737,
4738,
4739,
4740,
4741,
4742,
4743,25121.0
4744,79560.0
4745,218604.0
4746,134062.0
4747,47016.0
4748,126267.0
4749,
4750,233630.0
4751,5420.0
4752,
4753,133521.0
4754,
4755,99218.0
4756,
4757,87460.0
4758,
4759,157686.0
4760,
4761,246718.0
4762,
4763,204763.0
4764,
4765,221606.0
4766,
4767,205511.0
4768,
4769,139958.0
4770,
4771,
4772,226272.0
4773,
4774,
4775,
4776,
4777,
4778,157760.0
4779,57359.0
4780,60620.0
4781,38524.0
4782,244774.0
4783,229439.0
4784,
4785,136754.0
4786,52146.0
4787,
4788,
4789,
4790,
4791,
4792,177839.0
4793,132106.0
4794,34112.0
4795,251116.0
4796,246095.0
4797,36609.0
4798,235314.0
4799,231300.0
4800,
4801,
4802,
4803,29858.0
4804,
4805,221849.0
4806,183373.0
4807,193046.0
4808,
4809,
4810,103720.0
4811,111728.0
4812,
4813,
4814,235370.0
4815,
4816,
4817,26929.0
4818,46594.0
4819,
4820,
4821,
4822,143011.0
4823,
4824,
4825,173360.0
4826,
4827,173552.0
4828,
4829,
4830,152511.0
4831,
4832,
4833,214911.0
4834,
4835,
4836,
4837,
4838,
4839,3787.0
4840,68060.0
4841,
4842,187228.0
4843,
4844,
4845,
4846,233820.0
4847,248580.0
4848,218694.0
4849,
4850,
4851,115395.0
4852,62240.0
4853,102110.0
4854,10549.0
4855,
4856,
4857,
4858,
4859,
4860,149761.0
4861,132466.0
4862,220876.0
4863,
4864,131310.0
4865,
4866,208576.0
4867,10698.0
4868,251154.0
4869,130819.0
4870,
4871,
4872,
4873,
4874,159053.0
4875,
4876,73437.0
4877,
4878,
4879,208730.0
4880,
4881,
4882,
4883,13757.0
4884,130382.0
4885,
4886,
4887,113921.0
4888,
4889,28543.0
4890,
4891,
4892,
4893,
4894,104302.0
4895,
4896,
4897,
4898,179730.0
4899,
4900,114673.0
4901,63072.0
4902,
4903,228791.0
4904,
4905,181177.0
4906,
4907,28793.0
4908,113341.0
4909,91536.0
4910,132109.0
4911,96869.0
4912,
4913,129045.0
4914,
4915,
4916,95991.0
4917,193759.0
4918,230074.0
4919,142620.0
4920,
4921,
4922,219120.0
4923,45111.0
4924,179582.0
4925,105821.0
4926,
4927,
4928,112549.0
4929,157994.0
4930,
4931,
4932,
4933,157013.0
4934,
4935,115672.0
4936,215739.0
4937,137074.0
4938,1451.0
4939,
4940,
4941,148514.0
4942,119977.0
4943,103442.0
4944,
4945,
4946,61718.0
4947,
4948,156308.0
4949,140616.0
4950,208132.0
4951,
4952,37391.0
4953,164760.0
4954,9262.0
4955,215340.0
4956,168220.0
4957,211351.0
4958,75269.0
4959,232125.0
4960,12366.0
4961,105159.0
4962,44955.0
4963,
4964,154120.0
4965,
4966,150054.0
4967,198563.0
4968,44746.0
4969,114839.0
4970,
4971,234923.0
4972,
4973,75484.0
4974,92955.0
4975,95571.0
4976,17066.0
4977,107773.0
4978,138832.0
4979,73854.0
4980,
4981,175186.0
4982,69210.0
4983,
4984,132318.0
4985,175491.0
4986,
4987,27567.0
4988,184041.0
4989,
4990,248974.0
4991,
4992,173682.0
4993,
4994,248744.0
4995,
4996,
4997,79820.0
4998,132506.0
4999,
5000,
5001,32715.0
5002,141899.0
5003,
5004,159358.0
5005,
5006,45374.0
5007,153695.0
5008,178709.0
5009,246973.0
5010,399.0
5011,6050.0
5012,157744.0
5013,
5014,213887.0
5015,
5016,
5017,
5018,
5019,141340.0
5020,160781.0
5021,2850.0
5022,50741.0
5023,
5024,
5025,77622.0
5026,127790.0
5027,
5028,1547.0
5029,172971.0
5030,
5031,182696.0
5032,
5033,7344.0
5034,44295.0
5035,
5036,85230.0
5037,169601.0
5038,
5039,201071.0
5040,162837.0
5041,
5042,158183.0
5043,224981.0
5044,135426.0
5045,84516.0
5046,
5047,
5048,187283.0
5049,
5050,75496.0
5051,182839.0
5052,
5053,
5054,52525.0
5055,172885.0
5056,201647.0
5057,
5058,89179.0
5059,244541.0
5060,70734.0
5061,
5062,248073.0
5063,
5064,212459.0
5065,144004.0
5066,98251.0
5067,150110.0
5068,
5069,189542.0
5070,
5071,79319.0
5072,
5073,
5074,
5075,
5076,113973.0
5077,239778.0
5078,54512.0
5079,
5080,28306.0
5081,
5082,
5083,230352.0
5084,
5085,6289.0
5086,
5087,126116.0
5088,
5089,
5090,
5091,132062.0
5092,
5093,36140.0
5094,
5095,
5096,
5097,170671.0
5098,
5099,
5100,
5101,
5102,
5103,
5104,
5105,173278.0
5106,
5107,
5108,
5109,11637.0
5110,131292.0
5111,166199.0
5112,
5113,145663.0
5114,
5115,225001.0
5116,80928.0
5117,48561.0
5118,69773.0
5119,80491.0
5120,111252.0
5121,29673.0
5122,37660.0
5123,
5124,3848.0
5125,
5126,129649.0
5127,52100.0
5128,
5129,80324.0
5130,
5131,
5132,
5133,
5134,17968.0
5135,
5136,85432.0
5137,
5138,32806.0
5139,
5140,
5141,26716.0
5142,
5143,
5144,45141.0
5145,150345.0
5146,149496.0
5147,
5148,
5149,
5150,
5151,
5152,179796.0
5153,169197.0
5154,
5155,
5156,190602.0
5157,117451.0
5158,
5159,
5160,
5161,118102.0
5162,114901.0
5163,
5164,179120.0
5165,117375.0
5166,
5167,56442.0
5168,
5169,155596.0
5170,
5171,
5172,176446.0
5173,
5174,
5175,
5176,
5177,7633.0
5178,119882.0
5179,
5180,116327.0
5181,43077.0
5182,193678.0
5183,152443.0
5184,
5185,25960.0
5186,206191.0
5187,
5188,82186.0
5189,163795.0
5190,199855.0
5191,134361.0
5192,101088.0
5193,104272.0
5194,
5195,
5196,245620.0
5197,96801.0
5198,
5199,205273.0
5200,149046.0
5201,
5202,109798.0
5203,198567.0
5204,
5205,
5206,167114.0
5207,19646.0
5208,234768.0
5209,144813.0
5210,122731.0
5211,
5212,116748.0
5213,
5214,
5215,
5216,241078.0
5217,17556.0
5218,
5219,205311.0
5220,194536.0
5221,95563.0
5222,
5223,166497.0
5224,22833.0
5225,
5226,223771.0
5227,
5228,160436.0
5229,
5230,
5231,37633.0
5232,
5233,98356.0
5234,
5235,
5236,171882.0
5237,
5238,143826.0
5239,
5240,76809.0
5241,
5242,
5243,247811.0
5244,86825.0
5245,22519.0
5246,
5247,
5248,101941.0
5249,32171.0
5250,74195.0
5251,
5252,
5253,
5254,177389.0
5255,206998.0
5256,
5257,217211.0
5258,
5259,
5260,
5261,99437.0
5262,
5263,96542.0
5264,96233.0
5265,
5266,
5267,119765.0
5268,
5269,96997.0
5270,
5271,
5272,38907.0
5273,
5274,
5275,
5276,18095.0
5277,3962.0
5278,181925.0
5279,122749.0
5280,110147.0
5281,249737.0
5282,21353.0
5283,161977.0
5284,
5285,
5286,198971.0
5287,
5288,107365.0
5289,45346.0
5290,128477.0
5291,139230.0
5292,
5293,
5294,46858.0
5295,
5296,145759.0
5297,213568.0
5298,59710.0
5299,
5300,
5301,
5302,92552.0
5303,
5304,
5305,
5306,28541.0
5307,121445.0
5308,
5309,35836.0
5310,
5311,248063.0
5312,248086.0
5313,
5314,117259.0
5315,19732.0
5316,
5317,22307.0
5318,
5319,
5320,242220.0
5321,19693.0
5322,159819.0
5323,201284.0
5324,
5325,13310.0
5326,
5327,196348.0
5328,
5329,129296.0
5330,118343.0
5331,185071.0
5332,106182.0
5333,
5334,201316.0
5335,72940.0
5336,8910.0
5337,
5338,189009.0
5339,183346.0
5340,142169.0
5341,15490.0
5342,119333.0
5343,
5344,13019.0
5345,
5346,
5347,
5348,72337.0
5349,
5350,127514.0
5351,
5352,70075.0
5353,33427.0
5354,
5355,
5356,3583.0
5357,
5358,
5359,
5360,38118.0
5361,112648.0
5362,
5363,
5364,176739.0
5365,122299.0
5366,201605.0
5367,217404.0
5368,86468.0
5369,21287.0
5370,
5371,235544.0
5372,38878.0
5373,125081.0
5374,250587.0
5375,
5376,
5377,
5378,160799.0
5379,53179.0
5380,
5381,87030.0
5382,161981.0
5383,190537.0
5384,
5385,42270.0
5386,
5387,76006.0
5388,
5389,189766.0
5390,
5391,95788.0
5392,
5393,119694.0
5394,36608.0
5395,
5396,2992.0
5397,233850.0
5398,
5399,171119.0
5400,
5401,
5402,10345.0
5403,231451.0
5404,160761.0
5405,241154.0
5406,108899.0
5407,
5408,
5409,
5410,67361.0
5411,24786.0
5412,
5413,
5414,194992.0
5415,
5416,185197.0
5417,148479.0
5418,49162.0
5419,85096.0
5420,
5421,
5422,
5423,
5424,209756.0
5425,3017.0
5426,24641.0
5427,
5428,
5429,55338.0
5430,
5431,
5432,
5433,
5434,
5435,
5436,
5437,239718.0
5438,
5439,178580.0
5440,30259.0
5441,
5442,32764.0
5443,165546.0
5444,
5445,
5446,243924.0
5447,
5448,175447.0
5449,
5450,117769.0
5451,236109.0
5452,161103.0
5453,
5454,69706.0
5455,107687.0
5456,
5457,
5458,
5459,40849.0
5460,18663.0
5461,
5462,96544.0
5463,
5464,
5465,241008.0
5466,
5467,
5468,
5469,
5470,153921.0
5471,45004.0
5472,124099.0
5473,
5474,
5475,
5476,
5477,230164.0
5478,180427.0
5479,
5480,
5481,
5482,63202.0
5483,112454.0
5484,226105.0
5485,
5486,
5487,
5488,
5489,
5490,
5491,
5492,144927.0
5493,129982.0
5494,237050.0
5495,
5496,109976.0
5497,212873.0
5498,196956.0
5499,
5500,136223.0
5501,835.0
5502,
5503,
5504,121580.0
5505,143062.0
5506,235822.0
5507,90521.0
5508,
5509,
5510,
5511,241820.0
5512,22867.0
5513,
5514,242350.0
5515,
5516,
5517,193317.0
5518,
5519,44544.0
5520,
5521,96888.0
5522,48172.0
5523,175505.0
5524,226091.0
5525,159045.0
5526,
5527,
5528,
5529,
5530,
5531,48699.0
5532,181522.0
5533,
5534,
5535,
5536,136330.0
5537,77611.0
5538,
5539,210402.0
5540,113318.0
5541,
5542,
5543,14138.0
5544,198681.0
5545,
5546,
5547,203555.0
5548,
5549,115603.0
5550,171014.0
5551,
5552,
5553,
5554,233243.0
5555,9301.0
5556,
5557,
5558,
5559,231529.0
5560,11552.0
5561,176870.0
5562,
5563,43442.0
5564,12600.0
5565,77512.0
5566,
5567,
5568,
5569,
5570,206253.0
5571,
5572,
5573,
5574,
5575,
5576,
5577,
5578,
5579,
5580,81774.0
5581,
5582,
5583,
5584,
5585,200024.0
5586,
5587,
5588,84616.0
5589,30453.0
5590,
5591,
5592,175609.0
5593,
5594,110633.0
5595,
5596,
5597,25213.0
5598,213710.0
5599,
5600,196130.0
5601,3943.0
5602,122816.0
5603,1602.0
5604,
5605,22482.0
5606,164376.0
5607,223684.0
5608,
5609,203633.0
5610,
5611,
5612,
5613,
5614,
5615,103916.0
5616,
5617,153981.0
5618,9489.0
5619,45397.0
5620,126074.0
5621,239669.0
5622,158181.0
5623,197371.0
5624,
5625,
5626,59430.0
5627,29636.0
5628,133719.0
5629,24132.0
5630,91273.0
5631,191960.0
5632,136121.0
5633,55303.0
5634,194281.0
5635,166285.0
5636,69716.0
5637,
5638,200909.0
5639,
5640,
5641,119649.0
5642,44470.0
5643,
5644,10874.0
5645,162637.0
5646,
5647,109626.0
5648,
5649,
5650,
5651,10925.0
5652,186737.0
5653,233254.0
5654,
5655,198105.0
5656,
5657,29273.0
5658,225743.0
5659,
5660,
5661,82212.0
5662,50126.0
5663,170705.0
5664,82140.0
5665,
5666,
5667,24733.0
5668,186063.0
5669,
5670,
5671,
5672,
5673,
5674,
5675,36555.0
5676,
5677,114751.0
5678,
5679,
5680,
5681,159399.0
5682,
5683,50999.0
5684,32084.0
5685,174579.0
5686,
5687,
5688,214790.0
5689,115656.0
5690,
5691,86652.0
5692,
5693,152240.0
5694,199127.0
5695,160906.0
5696,
5697,42859.0
5698,
5699,215636.0
5700,21810.0
5701,216133.0
5702,123382.0
5703,251111.0
5704,149200.0
5705,211092.0
5706,
5707,
5708,185668.0
5709,62208.0
5710,
5711,146144.0
5712,
5713,149248.0
5714,
5715,
5716,1281.0
5717,247207.0
5718,10103.0
5719,118701.0
5720,
5721,
5722,
5723,120874.0
5724,201264.0
5725,207133.0
5726,114108.0
5727,60658.0
5728,
5729,
5730,184560.0
5731,
5732,
5733,74600.0
5734,163338.0
5735,22883.0
5736,
5737,
5738,177377.0
5739,216372.0
5740,188469.0
5741,6158.0
5742,
5743,
5744,
5745,
5746,199206.0
5747,93422.0
5748,
5749,159747.0
5750,
5751,
5752,
5753,
5754,
5755,107415.0
5756,
5757,238610.0
5758,
5759,
5760,
5761,
5762,
5763,
5764,13824.0
5765,238415.0
5766,
5767,
5768,27987.0
5769,
5770,156148.0
5771,92199.0
5772,
5773,
5774,
5775,
5776,
5777,
5778,60185.0
5779,
5780,120678.0
5781,236857.0
5782,146309.0
5783,241890.0
5784,52911.0
5785,
5786,56857.0
5787,88956.0
5788,
5789,171556.0
5790,
5791,
5792,87068.0
5793,122629.0
5794,
5795,30948.0
5796,179021.0
5797,171073.0
5798,
5799,73711.0
5800,
5801,
5802,
5803,203982.0
5804,237293.0
5805,16552.0
5806,
5807,
5808,
5809,226466.0
5810,72729.0
5811,
5812,
5813,
5814,175807.0
5815,125177.0
5816,220677.0
5817,
5818,158202.0
5819,73939.0
5820,244531.0
5821,
5822,33298.0
5823,87440.0
5824,111944.0
5825,
5826,73522.0
5827,15877.0
5828,
5829,58595.0
5830,
5831,
5832,
5833,86454.0
5834,
5835,
5836,
5837,
5838,
5839,
5840,
5841,33280.0
5842,
5843,
5844,65575.0
5845,122129.0
5846,244821.0
5847,
5848,11935.0
5849,89059.0
5850,
5851,
5852,
5853,
5854,
5855,
5856,211683.0
5857,
5858,168058.0
5859,38710.0
5860,
5861,10379.0
5862,
5863,
5864,
5865,
5866,141862.0
5867,8749.0
5868,
5869,
5870,94051.0
5871,136157.0
5872,41008.0
5873,76055.0
5874,
5875,102033.0
5876,
5877,
5878,
5879,80761.0
5880,1084.0
5881,
5882,
5883,83551.0
5884,177918.0
5885,
5886,73096.0
5887,
5888,
5889,
5890,37096.0
5891,142554.0
5892,
5893,
5894,
5895,
5896,
5897,
5898,138955.0
5899,
5900,
5901,
5902,112477.0
5903,23325.0
5904,13880.0
5905,161742.0
5906,
5907,
5908,235979.0
5909,70095.0
5910,5687.0
5911,
5912,
5913,169370.0
5914,
5915,
5916,49042.0
5917,80140.0
5918,152604.0
5919,237930.0
5920,229114.0
5921,
5922,
5923,
5924,93223.0
5925,94030.0
5926,71790.0
5927,
5928,
5929,
5930,
5931,
5932,
5933,
5934,
5935,
5936,203194.0
5937,
5938,106893.0
5939,
5940,
5941,148090.0
5942,
5943,52404.0
5944,
5945,218794.0
5946,
5947,16675.0
5948,242140.0
5949,
5950,
5951,
5952,
5953,
5954,
5955,
5956,
5957,34534.0
5958,46912.0
5959,
5960,
5961,10652.0
5962,208384.0
5963,
5964,
5965,
5966,
5967,6770.0
5968,
5969,66249.0
5970,241114.0
5971,210400.0
5972,119177.0
5973,
5974,
5975,105209.0
5976,
5977,
5978,
5979,
5980,69916.0
5981,250775.0
5982,16829.0
5983,
5984,146548.0
5985,142641.0
5986,
5987,
5988,
5989,175092.0
5990,30160.0
5991,129262.0
5992,145084.0
5993,
5994,41071.0
5995,14757.0
5996,80625.0
5997,221516.0
5998,
5999,
6000,
6001,105804.0
6002,
6003,89781.0
6004,
6005,133571.0
6006,236143.0
6007,129600.0
6008,
6009,46216.0
6010,23836.0
6011,189816.0
6012,
6013,220034.0
6014,208528.0
6015,172752.0
6016,75932.0
6017,
6018,173604.0
6019,24170.0
6020,146291.0
6021,
6022,3253.0
6023,
6024,
6025,
6026,
6027,
6028,
6029,
6030,
6031,
6032,
6033,
6034,
6035,
6036,134197.0
6037,138993.0
6038,190744.0
6039,28743.0
6040,116138.0
6041,19269.0
6042,206516.0
6043,
6044,
6045,78581.0
6046,91442.0
6047,
6048,
6049,150730.0
6050,192581.0
6051,
6052,
6053,7254.0
6054,205439.0
6055,56080.0
6056,
6057,
6058,
6059,
6060,32842.0
6061,
6062,174228.0
6063,197736.0
6064,
6065,195381.0
6066,191003.0
6067,10723.0
6068,27192.0
6069,
6070,129502.0
6071,14947.0
6072,29993.0
6073,63811.0
6074,16708.0
6075,168368.0
6076,
6077,
6078,
6079,51804.0
6080,227280.0
6081,46603.0
6082,88659.0
6083,22895.0
6084,213330.0
6085,237538.0
6086,239290.0
6087,87726.0
6088,40494.0
6089,126263.0
6090,183745.0
6091,60989.0
6092,
6093,
6094,145808.0
6095,
6096,54728.0
6097,
6098,71086.0
6099,227403.0
6100,135466.0
6101,
6102,24889.0
6103,
6104,
6105,
6106,92424.0
6107,
6108,
6109,
6110,
6111,
6112,95741.0
6113,54041.0
6114,
6115,
6116,248324.0
6117,
6118,27823.0
6119,
6120,
6121,177736.0
6122,140511.0
6123,10242.0
6124,82753.0
6125,29186.0
6126,
6127,151421.0
6128,
6129,246197.0
6130,
6131,139700.0
6132,73288.0
6133,215727.0
6134,47613.0
6135,
6136,
6137,
6138,171280.0
6139,
6140,251883.0
6141,123996.0
6142,
6143,
6144,
6145,21439.0
6146,36158.0
6147,
6148,
6149,25655.0
6150,233362.0
6151,246619.0
6152,
6153,
6154,
6155,150052.0
6156,249849.0
6157,30962.0
6158,211375.0
6159,182899.0
6160,
6161,179946.0
6162,146763.0
6163,68845.0
6164,199114.0
6165,
6166,100942.0
6167,
6168,
6169,
6170,122202.0
6171,
6172,
6173,
6174,
6175,
6176,158478.0
6177,
6178,
6179,13330.0
6180,
6181,171022.0
6182,245161.0
6183,
6184,171299.0
6185,
6186,156863.0
6187,24296.0
6188,19298.0
6189,
6190,193585.0
6191,199931.0
6192,50928.0
6193,166983.0
6194,123644.0
6195,
6196,
6197,
6198,137860.0
6199,240245.0
6200,
6201,108551.0
6202,
6203,96753.0
6204,
6205,
6206,
6207,8288.0
6208,140394.0
6209,216987.0
6210,76430.0
6211,
6212,123954.0
6213,33919.0
6214,180509.0
6215,122939.0
6216,27587.0
6217,170244.0
6218,
6219,
6220,144314.0
6221,120027.0
6222,
6223,127788.0
6224,
6225,
6226,244858.0
6227,
6228,
6229,246601.0
6230,
6231,
6232,11380.0
6233,
6234,
6235,
6236,
6237,
6238,
6239,
6240,
6241,
6242,
6243,166768.0
6244,
6245,
6246,149439.0
6247,
6248,16520.0
6249,76901.0
6250,85143.0
6251,
6252,
6253,116244.0
6254,217745.0
6255,143265.0
6256,227340.0
6257,67243.0
6258,175524.0
6259,148294.0
6260,
6261,95267.0
6262,
6263,
6264,
6265,25235.0
6266,170266.0
6267,84733.0
6268,126801.0
6269,192912.0
6270,85634.0
6271,155063.0
6272,91635.0
6273,109959.0
6274,125334.0
6275,213702.0
6276,198523.0
6277,
6278,135140.0
6279,
6280,11988.0
6281,
6282,101393.0
6283,
6284,
6285,23193.0
6286,
6287,
6288,
6289,
6290,202063.0
6291,
6292,52898.0
6293,200667.0
6294,164321.0
6295,
6296,202804.0
6297,
6298,
6299,50461.0
6300,
6301,157619.0
6302,
6303,
6304,
6305,4692.0
6306,
6307,217579.0
6308,145483.0
6309,53708.0
6310,242650.0
6311,
6312,
6313,
6314,134354.0
6315,
6316,193975.0
6317,
6318,
6319,
6320,
6321,
6322,37262.0
6323,37950.0
6324,
6325,
6326,109807.0
6327,80366.0
6328,
6329,
6330,
6331,
6332,207744.0
6333,162935.0
6334,64677.0
6335,151634.0
6336,
6337,
6338,
6339,61938.0
6340,
6341,
6342,141191.0
6343,
6344,
6345,
6346,40191.0
6347,
6348,65169.0
6349,202656.0
6350,166120.0
6351,
6352,
6353,
6354,122532.0
6355,5022.0
6356,
6357,
6358,151726.0
6359,
6360,227129.0
6361,102649.0
6362,91660.0
6363,165807.0
6364,
6365,
6366,182655.0
6367,
6368,
6369,
6370,235291.0
6371,
6372,
6373,239512.0
6374,234943.0
6375,
6376,
6377,
6378,
6379,203450.0
6380,83048.0
6381,
6382,98348.0
6383,188743.0
6384,
6385,
6386,36388.0
6387,44175.0
6388,
6389,
6390,
6391,148670.0
6392,
6393,
6394,239269.0
6395,79821.0
6396,106880.0
6397,172190.0
6398,242952.0
6399,
6400,
6401,91550.0
6402,180496.0
6403,
6404,
6405,243833.0
6406,
6407,212223.0
6408,167016.0
6409,
6410,174193.0
6411,
6412,60448.0
6413,139401.0
6414,
6415,241734.0
6416,
6417,204853.0
6418,
6419,218649.0
6420,
6421,
6422,
6423,99111.0
6424,
6425,64447.0
6426,22762.0
6427,
6428,59385.0
6429,
6430,224524.0
6431,
6432,
6433,
6434,193376.0
6435,
6436,8546.0
6437,
6438,207614.0
6439,237197.0
6440,118812.0
6441,
6442,
6443,180928.0
6444,
6445,
6446,207918.0
6447,176161.0
6448,127700.0
6449,88740.0
6450,
6451,205150.0
6452,186073.0
6453,
6454,6899.0
6455,
6456,
6457,
6458,199499.0
6459,
6460,
6461,
6462,79122.0
6463,
6464,39804.0
6465,
6466,244554.0
6467,
6468,192473.0
6469,213607.0
6470,172950.0
6471,199908.0
6472,80554.0
6473,120646.0
6474,185414.0
6475,
6476,
6477,208515.0
6478,201645.0
6479,
6480,
6481,45874.0
6482,221030.0
6483,
6484,
6485,56617.0
6486,239117.0
6487,
6488,
6489,
6490,
6491,245679.0
6492,50004.0
6493,
6494,42561.0
6495,101143.0
6496,
6497,
6498,
6499,
6500,238899.0
6501,
6502,181230.0
6503,109749.0
6504,
6505,114427.0
6506,169888.0
6507,
6508,179964.0
6509,
6510,217384.0
6511,197255.0
6512,
6513,124632.0
6514,32837.0
6515,215972.0
6516,151344.0
6517,250996.0
6518,71366.0
6519,
6520,
6521,
6522,36808.0
6523,73188.0
6524,
6525,
6526,
6527,93225.0
6528,172575.0
6529,
6530,
6531,33595.0
6532,
6533,174784.0
6534,
6535,
6536,178675.0
6537,
6538,64622.0
6539,24030.0
6540,
6541,83950.0
6542,59228.0
6543,229059.0
6544,251382.0
6545,
6546,243935.0
6547,
6548,
6549,11479.0
6550,63974.0
6551,156281.0
6552,76294.0
6553,99545.0
6554,93543.0
6555,
6556,141124.0
6557,146402.0
6558,
6559,127047.0
6560,234633.0
6561,
6562,33271.0
6563,
6564,133776.0
6565,
6566,
6567,
6568,
6569,
6570,
6571,
6572,
6573,71355.0
6574,221167.0
6575,154584.0
6576,
6577,
6578,
6579,225136.0
6580,79582.0
6581,250834.0
6582,192602.0
6583,
6584,
6585,165804.0
6586,
6587,13423.0
6588,37483.0
6589,57972.0
6590,
6591,
6592,178047.0
6593,110070.0
6594,250994.0
6595,233846.0
6596,10288.0
6597,89916.0
6598,
6599,122370.0
6600,124334.0
6601,
6602,
6603,31187.0
6604,
6605,
6606,45562.0
6607,
6608,128306.0
6609,
6610,
6611,
6612,147173.0
6613,245049.0
6614,132664.0
6615,143955.0
6616,105023.0
6617,19379.0
6618,
6619,
6620,
6621,
6622,
6623,
6624,99412.0
6625,
6626,239902.0
6627,
6628,38783.0
6629,20445.0
6630,209506.0
6631,166339.0
6632,
6633,240906.0
6634,
6635,
6636,
6637,165490.0
6638,239820.0
6639,81945.0
6640,
6641,
6642,241461.0
6643,143545.0
6644,53308.0
6645,12278.0
6646,
6647,
6648,14007.0
6649,
6650,240074.0
6651,
6652,
6653,
6654,243390.0
6655,218287.0
6656,22494.0
6657,214966.0
6658,
6659,
6660,
6661,189799.0
6662,
6663,30417.0
6664,123794.0
6665,
6666,
6667,
6668,172751.0
6669,33112.0
6670,
6671,
6672,
6673,123485.0
6674,223305.0
6675,
6676,
6677,106701.0
6678,190790.0
6679,
6680,154820.0
6681,109484.0
6682,107444.0
6683,10199.0
6684,
6685,116903.0
6686,
6687,173072.0
6688,39110.0
6689,
6690,158778.0
6691,
6692,
6693,110303.0
6694,228802.0
6695,120456.0
6696,
6697,32230.0
6698,227716.0
6699,212240.0
6700,131926.0
6701,74522.0
6702,12038.0
6703,19302.0
6704,
6705,27146.0
6706,107165.0
6707,23830.0
6708,166671.0
6709,
6710,
6711,64277.0
6712,
6713,
6714,28735.0
6715,166853.0
6716,45284.0
6717,
6718,99106.0
6719,
6720,221122.0
6721,
6722,148097.0
6723,114753.0
6724,
6725,157328.0
6726,66853.0
6727,243811.0
6728,219757.0
6729,
6730,
6731,188404.0
6732,152345.0
6733,
6734,26818.0
6735,134772.0
6736,
6737,
6738,
6739,
6740,
6741,
6742,243580.0
6743,
6744,
6745,155989.0
6746,245627.0
6747,
6748,
6749,174095.0
6750,99620.0
6751,
6752,31549.0
6753,3500.0
6754,28225.0
6755,
6756,244770.0
6757,216647.0
6758,52769.0
6759,
6760,
6761,
6762,157895.0
6763,
6764,48150.0
6765,
6766,116878.0
6767,119542.0
6768,5503.0
6769,
6770,38442.0
6771,
6772,
6773,118912.0
6774,
6775,
6776,
6777,143613.0
6778,
6779,12843.0
6780,
6781,158992.0
6782,
6783,247031.0
6784,
6785,185895.0
6786,150274.0
6787,
6788,73335.0
6789,
6790,
6791,149063.0
6792,154222.0
6793,
6794,205973.0
6795,
6796,
6797,
6798,106432.0
6799,
6800,
6801,
6802,105204.0
6803,
6804,124788.0
6805,236811.0
6806,
6807,
6808,5248.0
6809,72638.0
6810,48474.0
6811,
6812,58538.0
6813,55410.0
6814,
6815,
6816,
6817,
6818,165688.0
6819,33079.0
6820,73996.0
6821,
6822,
6823,
6824,
6825,185266.0
6826,200748.0
6827,201702.0
6828,
6829,156832.0
6830,71237.0
6831,188965.0
6832,168235.0
6833,32559.0
6834,
6835,152773.0
6836,
6837,
6838,
6839,76583.0
6840,52820.0
6841,
6842,4573.0
6843,222169.0
6844,
6845,40001.0
6846,
6847,
6848,
6849,
6850,
6851,
6852,30439.0
6853,
6854,65024.0
6855,85832.0
6856,
6857,11772.0
6858,221363.0
6859,67463.0
6860,
6861,
6862,129983.0
6863,
6864,178159.0
6865,
6866,110422.0
6867,115292.0
6868,212255.0
6869,
6870,
6871,
6872,197263.0
6873,238934.0
6874,
6875,10585.0
6876,26586.0
6877,158870.0
6878,219637.0
6879,
6880,
6881,73675.0
6882,111353.0
6883,
6884,184753.0
6885,25043.0
6886,
6887,
6888,
6889,
6890,110745.0
6891,104854.0
6892,
6893,
6894,
6895,
6896,127369.0
6897,21497.0
6898,93930.0
6899,
6900,90956.0
6901,167715.0
6902,
6903,190038.0
6904,
6905,57549.0
6906,
6907,
6908,103230.0
6909,
6910,
6911,
6912,91241.0
6913,7507.0
6914,36717.0
6915,2510.0
6916,203339.0
6917,237991.0
6918,21382.0
6919,79395.0
6920,
6921,
6922,15503.0
6923,191472.0
6924,166500.0
6925,161781.0
6926,
6927,
6928,
6929,
6930,
6931,
6932,
6933,
6934,
6935,139623.0
6936,
6937,
6938,
6939,
6940,
6941,133112.0
6942,232142.0
6943,176618.0
6944,
6945,51736.0
6946,
6947,
6948,164447.0
6949,175905.0
6950,223876.0
6951,197114.0
6952,102018.0
6953,
6954,
6955,
6956,84361.0
6957,182873.0
6958,
6959,31780.0
6960,
6961,
6962,
6963,139163.0
6964,131483.0
6965,
6966,40360.0
6967,
6968,
6969,149432.0
6970,
6971,
6972,183229.0
6973,248914.0
6974,27854.0
6975,
6976,
6977,
6978,
6979,
6980,
6981,
6982,75147.0
6983,185839.0
6984,114286.0
6985,
6986,
6987,
6988,142646.0
6989,225556.0
6990,
6991,
6992,
6993,88357.0
6994,
6995,197927.0
6996,180290.0
6997,169591.0
6998,180163.0
6999,
7000,62455.0
7001,82685.0
7002,
7003,
7004,91114.0
7005,
7006,179479.0
7007,208936.0
7008,20668.0
7009,
7010,224086.0
7011,120113.0
7012,112525.0
7013,93138.0
7014,
7015,
7016,
7017,99566.0
7018,
7019,
7020,
7021,110990.0
7022,234811.0
7023,123465.0
7024,245464.0
7025,
7026,36405.0
7027,32062.0
7028,
7029,
7030,177684.0
7031,217721.0
7032,
7033,53630.0
7034,119383.0
7035,188270.0
7036,
7037,93148.0
7038,240054.0
7039,151726.0
7040,103056.0
7041,30483.0
7042,
7043,10160.0
7044,38665.0
7045,93686.0
7046,
7047,76484.0
7048,
7049,
7050,35849.0
7051,
7052,
7053,
7054,
7055,54371.0
7056,206587.0
7057,123276.0
7058,30852.0
7059,
7060,
7061,105315.0
7062,144528.0
7063,
7064,227057.0
7065,197060.0
7066,
7067,
7068,152763.0
7069,
7070,
7071,
7072,113474.0
7073,113259.0
7074,218496.0
7075,82021.0
7076,201716.0
7077,
7078,103310.0
7079,58719.0
7080,
7081,
7082,
7083,
7084,
7085,162903.0
7086,
7087,
7088,
7089,200795.0
7090,178409.0
7091,
7092,
7093,
7094,
7095,156040.0
7096,
7097,
7098,143818.0
7099,
7100,
7101,
7102,30336.0
7103,236109.0
7104,
7105,4786.0
7106,
7107,61863.0
7108,
7109,223871.0
7110,
7111,
7112,153052.0
7113,
7114,11346.0
7115,
7116,
7117,110218.0
7118,104649.0
7119,216807.0
7120,80046.0
7121,
7122,
7123,25053.0
7124,
7125,
7126,
7127,
7128,77375.0
7129,
7130,42671.0
7131,154974.0
7132,82040.0
7133,
7134,14755.0
7135,98345.0
7136,80716.0
7137,104116.0
7138,
7139,94706.0
7140,208760.0
7141,
7142,51087.0
7143,189692.0
7144,
7145,
7146,
7147,97111.0
7148,
7149,15292.0
7150,117231.0
7151,102667.0
7152,122110.0
7153,
7154,
7155,223493.0
7156,
7157,
7158,
7159,
7160,139900.0
7161,
7162,
7163,
7164,
7165,
7166,51313.0
7167,244112.0
7168,
7169,
7170,197230.0
7171,
7172,106873.0
7173,229883.0
7174,
7175,
7176,117188.0
7177,209171.0
7178,72950.0
7179,245163.0
7180,137.0
7181,235435.0
7182,121610.0
7183,
7184,211723.0
7185,95877.0
7186,
7187,
7188,147580.0
7189,
7190,11472.0
7191,
7192,142012.0
7193,75823.0
7194,
7195,31016.0
7196,
7197,140347.0
7198,
7199,
7200,153957.0
7201,
7202,
7203,172029.0
7204,86414.0
7205,65917.0
7206,
7207,114178.0
7208,
7209,247923.0
7210,86161.0
7211,115964.0
7212,151200.0
7213,4004.0
7214,
7215,163036.0
7216,
7217,
7218,
7219,169660.0
7220,
7221,225791.0
7222,
7223,
7224,135719.0
7225,198562.0
7226,163705.0
7227,19552.0
7228,7806.0
7229,
7230,169384.0
7231,
7232,
7233,
7234,
7235,
7236,
7237,
7238,175794.0
7239,2127.0
7240,
7241,
7242,112125.0
7243,
7244,4990.0
7245,
7246,
7247,
7248,22690.0
7249,
7250,
7251,
7252,
7253,124541.0
7254,91550.0
7255,
7256,
7257,178301.0
7258,
7259,49454.0
7260,
7261,99895.0
7262,
7263,143530.0
7264,
7265,139163.0
7266,
7267,
7268,
7269,
7270,
7271,
7272,16406.0
7273,65479.0
7274,
7275,57494.0
7276,
7277,197288.0
7278,
7279,
7280,250175.0
7281,
7282,134410.0
7283,
7284,
7285,
7286,
7287,161655.0
7288,
7289,13081.0
7290,236759.0
7291,109091.0
7292,
7293,
7294,171543.0
7295,117676.0
7296,
7297,191429.0
7298,222899.0
7299,
7300,70096.0
7301,
7302,113205.0
7303,1302.0
7304,49081.0
7305,
7306,
7307,
7308,185987.0
7309,246680.0
7310,
7311,
7312,
7313,41483.0
7314,
7315,157879.0
7316,
7317,121050.0
7318,203796.0
7319,149439.0
7320,
7321,84313.0
7322,63155.0
7323,
7324,60116.0
7325,85952.0
7326,
7327,84133.0
7328,
7329,
7330,
7331,
7332,192709.0
7333,
7334,146010.0
7335,
7336,
7337,8410.0
7338,79011.0
7339,213792.0
7340,
7341,
7342,
7343,
7344,76033.0
7345,
7346,
7347,
7348,
7349,
7350,96205.0
7351,
7352,
7353,
7354,
7355,
7356,
7357,96827.0
7358,
7359,221924.0
7360,156173.0
7361,
7362,
7363,197458.0
7364,114520.0
7365,82772.0
7366,48545.0
7367,25899.0
7368,
7369,17035.0
7370,199094.0
7371,48831.0
7372,144567.0
7373,160746.0
7374,
7375,
7376,
7377,112137.0
7378,
7379,201014.0
7380,15257.0
7381,
7382,
7383,
7384,
7385,
7386,223257.0
7387,195584.0
7388,37178.0
7389,77849.0
7390,
7391,
7392,
7393,147903.0
7394,
7395,
7396,
7397,210635.0
7398,216569.0
7399,
7400,
7401,50535.0
7402,229128.0
7403,198047.0
7404,
7405,
7406,175227.0
7407,
7408,
7409,83517.0
7410,145878.0
7411,242889.0
7412,
7413,
7414,
7415,114577.0
7416,199038.0
7417,10642.0
7418,
7419,933.0
7420,56248.0
7421,58077.0
7422,157356.0
7423,
7424,
7425,
7426,
7427,186652.0
7428,
7429,46468.0
7430,249652.0
7431,91504.0
7432,18596.0
7433,
7434,
7435,
7436,
7437,
7438,
7439,11073.0
7440,7487.0
7441,49893.0
7442,43921.0
7443,223297.0
7444,181294.0
7445,
7446,
7447,
7448,5421.0
7449,212579.0
7450,
7451,5295.0
7452,170857.0
7453,
7454,198589.0
7455,
7456,236092.0
7457,
7458,
7459,204157.0
7460,
7461,
7462,246429.0
7463,251623.0
7464,
7465,
7466,16489.0
7467,
7468,233076.0
7469,200477.0
7470,48343.0
7471,95383.0
7472,
7473,151209.0
7474,246399.0
7475,61677.0
7476,
7477,
7478,
7479,135048.0
7480,
7481,82643.0
7482,
7483,200657.0
7484,
7485,214753.0
7486,244231.0
7487,
7488,52771.0
7489,20532.0
7490,
7491,167338.0
7492,16362.0
7493,128275.0
7494,
7495,
7496,
7497,125746.0
7498,
7499,81166.0
7500,
7501,
7502,
7503,124789.0
7504,
7505,101121.0
7506,
7507,147283.0
7508,9232.0
7509,
7510,51198.0
7511,217695.0
7512,99848.0
7513,
7514,
7515,144102.0
7516,
7517,94352.0
7518,138852.0
7519,
7520,21193.0
7521,112107.0
7522,88669.0
7523,147278.0
7524,
7525,
7526,
7527,117919.0
7528,
7529,
7530,
7531,
7532,
7533,58963.0
7534,162762.0
7535,
7536,20787.0
7537,212508.0
7538,129328.0
7539,162333.0
7540,198201.0
7541,
7542,24820.0
7543,
7544,9655.0
7545,50519.0
7546,
7547,
7548,
7549,205689.0
7550,
7551,
7552,
7553,
7554,251802.0
7555,189755.0
7556,
7557,
7558,
7559,75529.0
7560,207390.0
7561,
7562,101843.0
7563,102334.0
7564,146267.0
7565,165272.0
7566,
7567,129292.0
7568,191968.0
7569,
7570,
7571,57232.0
7572,
7573,
7574,130094.0
7575,
7576,191076.0
7577,182221.0
7578,
7579,199725.0
7580,78959.0
7581,47376.0
7582,
7583,176024.0
7584,52859.0
7585,
7586,140843.0
7587,94501.0
7588,
7589,
7590,
7591,2442.0
7592,204387.0
7593,
7594,85705.0
7595,
7596,172953.0
7597,101732.0
7598,
7599,
7600,
7601,5862.0
7602,198071.0
7603,232569.0
7604,38762.0
7605,
7606,
7607,
7608,152080.0
7609,153299.0
7610,
7611,
7612,
7613,98520.0
7614,
7615,
7616,27400.0
7617,143634.0
7618,
7619,225658.0
7620,
7621,26309.0
7622,
7623,
7624,
7625,
7626,
7627,17526.0
7628,242872.0
7629,71580.0
7630,
7631,166347.0
7632,17650.0
7633,14490.0
7634,
7635,
7636,216822.0
7637,103621.0
7638,39605.0
7639,
7640,135296.0
7641,
7642,17343.0
7643,240880.0
7644,
7645,
7646,51873.0
7647,
7648,
7649,119742.0
7650,
7651,236859.0
7652,
7653,126727.0
7654,172719.0
7655,69468.0
7656,1878.0
7657,35988.0
7658,
7659,100690.0
7660,
7661,132624.0
7662,229582.0
7663,221748.0
7664,116066.0
7665,145303.0
7666,185948.0
7667,72613.0
7668,
7669,115083.0
7670,
7671,
7672,75018.0
7673,154608.0
7674,204282.0
7675,
7676,62833.0
7677,226975.0
7678,
7679,115467.0
7680,229716.0
7681,
7682,143408.0
7683,
7684,238507.0
7685,60453.0
7686,
7687,69048.0
7688,
7689,
7690,
7691,
7692,
7693,54793.0
7694,124460.0
7695,250285.0
7696,139425.0
7697,
7698,
7699,26539.0
7700,
7701,
7702,
7703,
7704,127632.0
7705,116561.0
7706,
7707,175153.0
7708,
7709,
7710,
7711,215830.0
7712,100043.0
7713,
7714,
7715,231306.0
7716,82499.0
7717,188820.0
7718,122259.0
7719,
7720,
7721,61108.0
7722,
7723,35374.0
7724,206915.0
7725,
7726,
7727,
7728,25351.0
7729,
7730,134842.0
7731,98574.0
7732,
7733,
7734,170839.0
7735,
7736,
7737,
7738,
7739,
7740,
7741,
7742,
7743,
7744,161666.0
7745,180682.0
7746,
7747,98516.0
7748,
7749,
7750,1177.0
7751,194805.0
7752,193470.0
7753,
7754,94487.0
7755,
7756,23049.0
7757,106351.0
7758,
7759,85023.0
7760,48462.0
7761,
7762,
7763,
7764,
7765,
7766,42341.0
7767,42130.0
7768,
7769,27159.0
7770,82507.0
7771,
7772,47805.0
7773,52237.0
7774,136620.0
7775,236801.0
7776,
7777,53917.0
7778,
7779,43789.0
7780,101422.0
7781,79758.0
7782,98155.0
7783,115706.0
7784,16650.0
7785,
7786,
7787,
7788,16982.0
7789,
7790,
7791,151038.0
7792,247943.0
7793,25678.0
7794,135228.0
7795,
7796,
7797,
7798,
7799,
7800,247518.0
7801,175614.0
7802,
7803,
7804,174960.0
7805,83744.0
7806,
7807,222941.0
7808,
7809,214766.0
7810,
7811,
7812,153475.0
7813,
7814,
7815,161560.0
7816,
7817,
7818,249274.0
7819,58665.0
7820,155446.0
7821,226172.0
7822,
7823,186105.0
7824,
7825,
7826,15113.0
7827,
7828,74808.0
7829,
7830,
7831,
7832,232888.0
7833,
7834,
7835,186444.0
7836,82897.0
7837,70145.0
7838,162320.0
7839,191800.0
7840,
7841,
7842,163440.0
7843,72750.0
7844,
7845,213601.0
7846,
7847,
7848,136017.0
7849,228657.0
7850,167718.0
7851,
7852,
7853,
7854,
7855,
7856,
7857,
7858,1524.0
7859,219384.0
7860,17651.0
7861,48541.0
7862,159990.0
7863,35695.0
7864,51506.0
7865,
7866,
7867,209638.0
7868,
7869,
7870,
7871,
7872,
7873,182010.0
7874,61772.0
7875,44498.0
7876,
7877,
7878,
7879,160302.0
7880,68565.0
7881,
7882,20181.0
7883,245283.0
7884,100439.0
7885,
7886,111317.0
7887,127437.0
7888,
7889,
7890,
7891,200139.0
7892,4997.0
7893,
7894,215393.0
7895,191388.0
7896,232415.0
7897,150108.0
7898,
7899,
7900,
7901,
7902,114401.0
7903,
7904,152843.0
7905,18144.0
7906,34466.0
7907,118349.0
7908,39023.0
7909,47825.0
7910,3237.0
7911,
7912,
7913,
7914,
7915,237144.0
7916,244763.0
7917,
7918,123467.0
7919,
7920,
7921,
7922,
7923,232433.0
7924,97055.0
7925,
7926,48986.0
7927,110037.0
7928,
7929,
7930,182154.0
7931,128526.0
7932,
7933,
7934,
7935,
7936,
7937,
7938,61123.0
7939,
7940,205074.0
7941,159129.0
7942,170598.0
7943,
7944,162756.0
7945,
7946,
7947,
7948,64133.0
7949,
7950,240043.0
7951,212234.0
7952,3112.0
7953,194443.0
7954,
7955,231242.0
7956,100294.0
7957,147833.0
7958,227235.0
7959,130778.0
7960,
7961,106669.0
7962,209267.0
7963,63776.0
7964,76221.0
7965,
7966,
7967,
7968,
7969,
7970,
7971,
7972,
7973,160448.0
7974,
7975,86858.0
7976,
7977,
7978,234554.0
7979,
7980,77705.0
7981,
7982,205897.0
7983,
7984,
7985,
7986,
7987,165073.0
7988,
7989,
7990,
7991,177564.0
7992,49942.0
7993,45898.0
7994,239212.0
7995,
7996,205388.0
7997,46819.0
7998,
7999,46086.0
8000,191465.0
8001,65410.0
8002,227557.0
8003,103100.0
8004,158091.0
8005,
8006,219005.0
8007,41898.0
8008,
8009,95265.0
8010,
8011,86293.0
8012,
8013,120528.0
8014,
8015,
8016,15399.0
8017,
8018,1823.0
8019,
8020,
8021,24424.0
8022,131735.0
8023,1832.0
8024,
8025,248900.0
8026,192020.0
8027,
8028,
8029,
8030,108310.0
8031,93514.0
8032,224500.0
8033,252065.0
8034,
8035,
8036,167736.0
8037,95443.0
8038,
8039,
8040,
8041,
8042,115237.0
8043,
8044,182904.0
8045,
8046,
8047,
8048,
8049,
8050,176358.0
8051,205560.0
8052,
8053,
8054,166172.0
8055,
8056,104193.0
8057,
8058,
8059,241498.0
8060,204946.0
8061,
8062,90846.0
8063,
8064,
8065,
8066,
8067,153029.0
8068,
8069,
8070,20522.0
8071,107923.0
8072,234924.0
8073,
8074,
8075,
8076,228296.0
8077,185188.0
8078,
8079,49200.0
8080,
8081,131160.0
8082,144234.0
8083,216090.0
8084,127272.0
8085,32248.0
8086,
8087,
8088,
8089,
8090,220625.0
8091,
8092,112556.0
8093,
8094,167121.0
8095,60757.0
8096,53377.0
8097,
8098,166391.0
8099,
8100,109682.0
8101,
8102,40412.0
8103,234290.0
8104,227652.0
8105,
8106,
8107,
8108,120126.0
8109,226356.0
8110,31046.0
8111,34239.0
8112,
8113,
8114,22810.0
8115,174471.0
8116,219907.0
8117,
8118,193274.0
8119,151494.0
8120,
8121,95084.0
8122,
8123,
8124,96254.0
8125,161941.0
8126,141714.0
8127,215923.0
8128,
8129,56381.0
8130,
8131,
8132,22482.0
8133,186778.0
8134,236369.0
8135,
8136,29283.0
8137,
8138,215214.0
8139,
8140,
8141,
8142,
8143,
8144,213647.0
8145,247122.0
8146,
8147,92061.0
8148,171323.0
8149,200897.0
8150,131084.0
8151,151731.0
8152,
8153,99700.0
8154,135760.0
8155,
8156,36495.0
8157,237801.0
8158,
8159,126060.0
8160,114951.0
8161,151692.0
8162,36790.0
8163,
8164,202089.0
8165,177292.0
8166,
8167,
8168,249767.0
8169,31139.0
8170,251410.0
8171,
8172,
8173,
8174,124848.0
8175,177588.0
8176,95008.0
8177,
8178,84021.0
8179,
8180,
8181,184780.0
8182,
8183,
8184,
8185,218266.0
8186,45150.0
8187,
8188,98816.0
8189,
8190,166266.0
8191,214000.0
8192,249951.0
8193,
8194,85097.0
8195,
8196,249762.0
8197,
8198,
8199,133125.0
8200,
8201,175629.0
8202,49204.0
8203,215951.0
8204,99311.0
8205,
8206,
8207,
8208,
8209,214326.0
8210,178961.0
8211,
8212,41285.0
8213,
8214,175523.0
8215,73412.0
8216,
8217,55015.0
8218,
8219,185451.0
8220,2304.0
8221,
8222,145190.0
8223,
8224,249300.0
8225,37227.0
8226,
8227,
8228,
8229,233538.0
8230,
8231,245687.0
8232,
8233,
8234,
8235,
8236,149656.0
8237,
8238,
8239,101889.0
8240,
8241,60745.0
8242,123234.0
8243,173513.0
8244,
8245,
8246,
8247,174474.0
8248,200585.0
8249,166082.0
8250,
8251,
8252,
8253,69411.0
8254,164739.0
8255,
8256,
8257,
8258,123383.0
8259,
8260,
8261,5808.0
8262,144509.0
8263,144420.0
8264,69035.0
8265,
8266,
8267,
8268,
8269,162570.0
8270,109370.0
8271,144116.0
8272,
8273,
8274,
8275,200559.0
8276,46630.0
8277,
8278,
8279,140241.0
8280,135287.0
8281,204840.0
8282,
8283,130869.0
8284,
8285,180011.0
8286,
8287,31296.0
8288,189907.0
8289,
8290,
8291,45565.0
8292,151097.0
8293,45381.0
8294,139904.0
8295,201893.0
8296,31033.0
8297,32488.0
8298,52013.0
8299,
8300,
8301,214740.0
8302,
8303,
8304,127653.0
8305,
8306,
8307,
8308,
8309,22.0
8310,
8311,238640.0
8312,
8313,197426.0
8314,166243.0
8315,
8316,145540.0
8317,
8318,131819.0
8319,248679.0
8320,88806.0
8321,135739.0
8322,52923.0
8323,
8324,206748.0
8325,59798.0
8326,47433.0
8327,
8328,
8329,
8330,
8331,
8332,90558.0
8333,32407.0
8334,
8335,
8336,
8337,
8338,
8339,
8340,
8341,64106.0
8342,107274.0
8343,175160.0
8344,
8345,17796.0
8346,184784.0
8347,251034.0
8348,175737.0
8349,48582.0
8350,93856.0
8351,
8352,206936.0
8353,
8354,105847.0
8355,
8356,250300.0
8357,109363.0
8358,
8359,152233.0
8360,
8361,
8362,27740.0
8363,
8364,16636.0
8365,
8366,91505.0
8367,
8368,
8369,219129.0
8370,
8371,
8372,
8373,244329.0
8374,95493.0
8375,26483.0
8376,
8377,
8378,183688.0
8379,
8380,207147.0
8381,
8382,
8383,
8384,218257.0
8385,
8386,153206.0
8387,226119.0
8388,43064.0
8389,
8390,
8391,87054.0
8392,
8393,244134.0
8394,134093.0
8395,
8396,
8397,120267.0
8398,
8399,2396.0
8400,129524.0
8401,39216.0
8402,31871.0
8403,
8404,185477.0
8405,13333.0
8406,182954.0
8407,245773.0
8408,178435.0
8409,62827.0
8410,153518.0
8411,
8412,46180.0
8413,
8414,201378.0
8415,126665.0
8416,69564.0
8417,107885.0
8418,237495.0
8419,222290.0
8420,205300.0
8421,76970.0
8422,
8423,
8424,
8425,78874.0
8426,22734.0
8427,
8428,184098.0
8429,
8430,41643.0
8431,14480.0
8432,
8433,
8434,124299.0
8435,
8436,242663.0
8437,106931.0
8438,128292.0
8439,
8440,
8441,129888.0
8442,251689.0
8443,
8444,
8445,102262.0
8446,155430.0
8447,229730.0
8448,
8449,180115.0
8450,
8451,
8452,61595.0
8453,
8454,239813.0
8455,
8456,222024.0
8457,
8458,153642.0
8459,153183.0
8460,
8461,170118.0
8462,
8463,132033.0
8464,56764.0
8465,
8466,
8467,
8468,
8469,106613.0
8470,
8471,94144.0
8472,
8473,230526.0
8474,62992.0
8475,135969.0
8476,
8477,29727.0
8478,
8479,74034.0
8480,53737.0
8481,186134.0
8482,
8483,
8484,
8485,235335.0
8486,
8487,
8488,
8489,116785.0
8490,155799.0
8491,
8492,
8493,
8494,82863.0
8495,89254.0
8496,1300.0
8497,
8498,
8499,89415.0
8500,25558.0
8501,124096.0
8502,
8503,
8504,
8505,
8506,122928.0
8507,
8508,
8509,
8510,99712.0
8511,
8512,108030.0
8513,45948.0
8514,
8515,
8516,110610.0
8517,
8518,40816.0
8519,89215.0
8520,109447.0
8521,
8522,219548.0
8523,
8524,
8525,10153.0
8526,99507.0
8527,
8528,
8529,40432.0
8530,50187.0
8531,120881.0
8532,167777.0
8533,
8534,
8535,
8536,
8537,180155.0
8538,
8539,
8540,222386.0
8541,126571.0
8542,
8543,
8544,98070.0
8545,27676.0
8546,
8547,
8548,39229.0
8549,
8550,193538.0
8551,59648.0
8552,171073.0
8553,
8554,
8555,185984.0
8556,109540.0
8557,
8558,
8559,
8560,
8561,
8562,128937.0
8563,
8564,193372.0
8565,
8566,250756.0
8567,
8568,206961.0
8569,50041.0
8570,
8571,204274.0
8572,176832.0
8573,
8574,45697.0
8575,
8576,
8577,160018.0
8578,57852.0
8579,
8580,9677.0
8581,
8582,234323.0
8583,107516.0
8584,
8585,
8586,12852.0
8587,
8588,
8589,159724.0
8590,58367.0
8591,84786.0
8592,
8593,
8594,162388.0
8595,76744.0
8596,67905.0
8597,
8598,88530.0
8599,105440.0
8600,80666.0
8601,11994.0
8602,
8603,13148.0
8604,
8605,
8606,119055.0
8607,229123.0
8608,
8609,
8610,239173.0
8611,91697.0
8612,76760.0
8613,
8614,3446.0
8615,139159.0
8616,
8617,83533.0
8618,
8619,
8620,
8621,
8622,93718.0
8623,
8624,
8625,96859.0
8626,
8627,32909.0
8628,
8629,
8630,147934.0
8631,
8632,165031.0
8633,
8634,177719.0
8635,
8636,
8637,137850.0
8638,86481.0
8639,182937.0
8640,249593.0
8641,50945.0
8642,
8643,
8644,
8645,
8646,63688.0
8647,
8648,215241.0
8649,228703.0
8650,
8651,
8652,
8653,
8654,
8655,17077.0
8656,
8657,234886.0
8658,
8659,
8660,151109.0
8661,175713.0
8662,
8663,
8664,
8665,
8666,
8667,186812.0
8668,100250.0
8669,
8670,219482.0
8671,245026.0
8672,
8673,
8674,96885.0
8675,
8676,
8677,
8678,46423.0
8679,40354.0
8680,
8681,175717.0
8682,
8683,
8684,114865.0
8685,178499.0
8686,
8687,76522.0
8688,
8689,178625.0
8690,139255.0
8691,43155.0
8692,
8693,60080.0
8694,
8695,37362.0
8696,222849.0
8697,233856.0
8698,
8699,
8700,162020.0
8701,62801.0
8702,207668.0
8703,
8704,
8705,
8706,152624.0
8707,93092.0
8708,
8709,177921.0
8710,
8711,182112.0
8712,
8713,154219.0
8714,
8715,
8716,205779.0
8717,
8718,
8719,
8720,
8721,
8722,
8723,246848.0
8724,
8725,
8726,
8727,
8728,
8729,
8730,219424.0
8731,159975.0
8732,
8733,
8734,
8735,67791.0
8736,146698.0
8737,203714.0
8738,
8739,39254.0
8740,
8741,
8742,
8743,227531.0
8744,23630.0
8745,
8746,
8747,217489.0
8748,
8749,
8750,
8751,163319.0
8752,
8753,
8754,
8755,
8756,153296.0
8757,17517.0
8758,
8759,61854.0
8760,229287.0
8761,244736.0
8762,
8763,
8764,
8765,203779.0
8766,
8767,95302.0
8768,
8769,208463.0
8770,
8771,
8772,
8773,62634.0
8774,
8775,
8776,
8777,
8778,
8779,
8780,
8781,185656.0
8782,85344.0
8783,178424.0
8784,
8785,121166.0
8786,141954.0
8787,
8788,41146.0
8789,
8790,
8791,
8792,
8793,158255.0
8794,
8795,208050.0
8796,
8797,
8798,
8799,210965.0
8800,35772.0
8801,
8802,
8803,
8804,
8805,165286.0
8806,56969.0
8807,221685.0
8808,97034.0
8809,
8810,207510.0
8811,
8812,42764.0
8813,27777.0
8814,25659.0
8815,241069.0
8816,
8817,155282.0
8818,29849.0
8819,
8820,231996.0
8821,225871.0
8822,
8823,44910.0
8824,133790.0
8825,
8826,171356.0
8827,37887.0
8828,
8829,76056.0
8830,206193.0
8831,
8832,
8833,
8834,166892.0
8835,235277.0
8836,
8837,179395.0
8838,19261.0
8839,550.0
8840,235331.0
8841,37489.0
8842,
8843,80770.0
8844,98511.0
8845,181926.0
8846,198118.0
8847,
8848,16977.0
8849,
8850,242012.0
8851,70233.0
8852,22812.0
8853,250886.0
8854,
8855,
8856,
8857,106893.0
8858,174884.0
8859,104399.0
8860,200125.0
8861,84102.0
8862,202304.0
8863,164930.0
8864,
8865,105588.0
8866,125372.0
8867,134620.0
8868,
8869,
8870,
8871,
8872,106390.0
8873,
8874,174904.0
8875,188721.0
8876,177323.0
8877,59317.0
8878,723.0
8879,
8880,
8881,140825.0
8882,241515.0
8883,
8884,15026.0
8885,
8886,214059.0
8887,218604.0
8888,
8889,74324.0
8890,36353.0
8891,215209.0
8892,
8893,
8894,
8895,208780.0
8896,
8897,34755.0
8898,
8899,177543.0
8900,95198.0
8901,6645.0
8902,
8903,93741.0
8904,176897.0
8905,167148.0
8906,18606.0
8907,211206.0
8908,219538.0
8909,7613.0
8910,
8911,19923.0
8912,
8913,
8914,205222.0
8915,37760.0
8916,46009.0
8917,
8918,188676.0
8919,
8920,75538.0
8921,
8922,85078.0
8923,197072.0
8924,175345.0
8925,
8926,39316.0
8927,222232.0
8928,8101.0
8929,
8930,126934.0
8931,
8932,210006.0
8933,
8934,
8935,139761.0
8936,
8937,231814.0
8938,126575.0
8939,178902.0
8940,106852.0
8941,
8942,245426.0
8943,
8944,
8945,31560.0
8946,
8947,
8948,55210.0
8949,46329.0
8950,188144.0
8951,141057.0
8952,212284.0
8953,
8954,
8955,78988.0
8956,
8957,208637.0
8958,
8959,
8960,
8961,49112.0
8962,27340.0
8963,
8964,
8965,
8966,7075.0
8967,
8968,136586.0
8969,16474.0
8970,150594.0
8971,190798.0
8972,
8973,
8974,161005.0
8975,8164.0
8976,67886.0
8977,246319.0
8978,142445.0
8979,142178.0
8980,199299.0
8981,
8982,
8983,237957.0
8984,
8985,
8986,71223.0
8987,100412.0
8988,49151.0
8989,
8990,
8991,
8992,
8993,24560.0
8994,
8995,
8996,
8997,203654.0
8998,
8999,
9000,96371.0
9001,
9002,
9003,
9004,38219.0
9005,116798.0
9006,
9007,23529.0
9008,
9009,
9010,203649.0
9011,
9012,193901.0
9013,
9014,
9015,
9016,183787.0
9017,
9018,
9019,
9020,198069.0
9021,
9022,90874.0
9023,215875.0
9024,
9025,224634.0
9026,195251.0
9027,97763.0
9028,
9029,
9030,18915.0
9031,38437.0
9032,
9033,125478.0
9034,202956.0
9035,
9036,219533.0
9037,
9038,
9039,
9040,
9041,23736.0
9042,79122.0
9043,
9044,40725.0
9045,70647.0
9046,
9047,22504.0
9048,45192.0
9049,194687.0
9050,65055.0
9051,119359.0
9052,64571.0
9053,221097.0
9054,
9055,
9056,
9057,143437.0
9058,9986.0
9059,216645.0
9060,101119.0
9061,216140.0
9062,
9063,
9064,92492.0
9065,213071.0
9066,
9067,94245.0
9068,
9069,
9070,
9071,220814.0
9072,
9073,156522.0
9074,162386.0
9075,186894.0
9076,61744.0
9077,207119.0
9078,
9079,
9080,
9081,39901.0
9082,
9083,18406.0
9084,97912.0
9085,116589.0
9086,23582.0
9087,117497.0
9088,162038.0
9089,227016.0
9090,117238.0
9091,21645.0
9092,184558.0
9093,
9094,
9095,
9096,50308.0
9097,82905.0
9098,
9099,
9100,122646.0
9101,
9102,120105.0
9103,70208.0
9104,
9105,
9106,
9107,161466.0
9108,
9109,7900.0
9110,
9111,95910.0
9112,236179.0
9113,91170.0
9114,
9115,119396.0
9116,
9117,218919.0
9118,240261.0
9119,172425.0
9120,
9121,
9122,
9123,
9124,
9125,
9126,
9127,219743.0
9128,
9129,168887.0
9130,65434.0
9131,209468.0
9132,23315.0
9133,
9134,
9135,
9136,41496.0
9137,
9138,
9139,119923.0
9140,173726.0
9141,40527.0
9142,
9143,89455.0
9144,
9145,
9146,2505.0
9147,197494.0
9148,150599.0
9149,
9150,
9151,155487.0
9152,
9153,248766.0
9154,
9155,187347.0
9156,185804.0
9157,
9158,37959.0
9159,115676.0
9160,
9161,217981.0
9162,28653.0
9163,244632.0
9164,102493.0
9165,
9166,
9167,
9168,
9169,
9170,
9171,
9172,
9173,55138.0
9174,246916.0
9175,
9176,
9177,
9178,95222.0
9179,
9180,
9181,
9182,
9183,3625.0
9184,
9185,
9186,
9187,
9188,218853.0
9189,
9190,163659.0
9191,
9192,
9193,88830.0
9194,136813.0
9195,
9196,192957.0
9197,
9198,
9199,108041.0
9200,
9201,150035.0
9202,136887.0
9203,
9204,
9205,173656.0
9206,
9207,
9208,
9209,
9210,216139.0
9211,251035.0
9212,
9213,
9214,163838.0
9215,
9216,103727.0
9217,
9218,
9219,
9220,
9221,112005.0
9222,
9223,
9224,73116.0
9225,106088.0
9226,56212.0
9227,
9228,
9229,
9230,118429.0
9231,
9232,244037.0
9233,230522.0
9234,104144.0
9235,206913.0
9236,177510.0
9237,
9238,
9239,94487.0
9240,56478.0
9241,
9242,
9243,
9244,
9245,
9246,104594.0
9247,60921.0
9248,227031.0
9249,
9250,3917.0
9251,38682.0
9252,
9253,
9254,206816.0
9255,
9256,
9257,
9258,250396.0
9259,60991.0
9260,
9261,48590.0
9262,162529.0
9263,208964.0
9264,202100.0
9265,
9266,32502.0
9267,160471.0
9268,
9269,
9270,228036.0
9271,
9272,
9273,25114.0
9274,
9275,
9276,159252.0
9277,
9278,
9279,
9280,65632.0
9281,139445.0
9282,
9283,51390.0
9284,
9285,110320.0
9286,158610.0
9287,
9288,7016.0
9289,
9290,
9291,
9292,96445.0
9293,
9294,32925.0
9295,114427.0
9296,159268.0
9297,
9298,60459.0
9299,226457.0
9300,
9301,135035.0
9302,
9303,196727.0
9304,198245.0
9305,
9306,
9307,
9308,235805.0
9309,158243.0
9310,161004.0
9311,
9312,
9313,115794.0
9314,150287.0
9315,27006.0
9316,
9317,
9318,
9319,124651.0
9320,
9321,211427.0
9322,98562.0
9323,123842.0
9324,
9325,
9326,
9327,19247.0
9328,
9329,
9330,
9331,
9332,203920.0
9333,45348.0
9334,2558.0
9335,45064.0
9336,143074.0
9337,
9338,7932.0
9339,246130.0
9340,
9341,
9342,
9343,
9344,39947.0
9345,187059.0
9346,
9347,48637.0
9348,
9349,
9350,
9351,38423.0
9352,
9353,
9354,
9355,82607.0
9356,
9357,
9358,
9359,67488.0
9360,
9361,240409.0
9362,
9363,
9364,74229.0
9365,
9366,
9367,
9368,
9369,
9370,43622.0
9371,
9372,
9373,70891.0
9374,
9375,
9376,
9377,
9378,200276.0
9379,240543.0
9380,123034.0
9381,222661.0
9382,
9383,
9384,205772.0
9385,
9386,153163.0
9387,108275.0
9388,
9389,94315.0
9390,159570.0
9391,16209.0
9392,
9393,
9394,128967.0
9395,148011.0
9396,74016.0
9397,208494.0
9398,162697.0
9399,243414.0
9400,88840.0
9401,7551.0
9402,
9403,81382.0
9404,199468.0
9405,
9406,18321.0
9407,165687.0
9408,93811.0
9409,196597.0
9410,30846.0
9411,
9412,
9413,
9414,
9415,200563.0
9416,226667.0
9417,141649.0
9418,97248.0
9419,151777.0
9420,
9421,
9422,
9423,153316.0
9424,222787.0
9425,
9426,
9427,225134.0
9428,
9429,190717.0
9430,80147.0
9431,
9432,
9433,202451.0
9434,125762.0
9435,249748.0
9436,
9437,31297.0
9438,
9439,
9440,96559.0
9441,
9442,
9443,
9444,
9445,
9446,
9447,
9448,212266.0
9449,101591.0
9450,
9451,231532.0
9452,9867.0
9453,162616.0
9454,
9455,
9456,
9457,
9458,
9459,190085.0
9460,100969.0
9461,140339.0
9462,78984.0
9463,154430.0
9464,
9465,175650.0
9466,114648.0
9467,214039.0
9468,243920.0
9469,30621.0
9470,94301.0
9471,155857.0
9472,
9473,12064.0
9474,
9475,26516.0
9476,81427.0
9477,
9478,
9479,
9480,
9481,
9482,93033.0
9483,227711.0
9484,
9485,
9486,218917.0
9487,
9488,197967.0
9489,
9490,
9491,
9492,
9493,154539.0
9494,204913.0
9495,68073.0
9496,
9497,34745.0
9498,116189.0
9499,31851.0
9500,217374.0
9501,189919.0
9502,223907.0
9503,
9504,
9505,112680.0
9506,30864.0
9507,
9508,
9509,
9510,
9511,
9512,
9513,
9514,
9515,74712.0
9516,20882.0
9517,
9518,
9519,166324.0
9520,185438.0
9521,
9522,19677.0
9523,
9524,15200.0
9525,3311.0
9526,
9527,
9528,
9529,26365.0
9530,
9531,148933.0
9532,
9533,
9534,
9535,78644.0
9536,
9537,38840.0
9538,127240.0
9539,230547.0
9540,55179.0
9541,
9542,245916.0
9543,218878.0
9544,
9545,
9546,
9547,
9548,41411.0
9549,77464.0
9550,
9551,163525.0
9552,
9553,220981.0
9554,
9555,
9556,
9557,47170.0
9558,7210.0
9559,
9560,114158.0
9561,
9562,
9563,
9564,108820.0
9565,
9566,
9567,
9568,
9569,68749.0
9570,24669.0
9571,163585.0
9572,
9573,
9574,74150.0
9575,
9576,149822.0
9577,133558.0
9578,124492.0
9579,109347.0
9580,
9581,
9582,241857.0
9583,
9584,
9585,
9586,67132.0
9587,16607.0
9588,25481.0
9589,
9590,156423.0
9591,180534.0
9592,
9593,25550.0
9594,
9595,221821.0
9596,
9597,51880.0
9598,198164.0
9599,87675.0
9600,72633.0
9601,
9602,
9603,23769.0
9604,
9605,176662.0
9606,120241.0
9607,
9608,
9609,
9610,
9611,17517.0
9612,47250.0
9613,
9614,
9615,
9616,119697.0
9617,
9618,
9619,
9620,
9621,171298.0
9622,
9623,
9624,244523.0
9625,
9626,
9627,62424.0
9628,
9629,206537.0
9630,143067.0
9631,
9632,
9633,132475.0
9634,42195.0
9635,
9636,23685.0
9637,
9638,
9639,114152.0
9640,185324.0
9641,
9642,
9643,122696.0
9644,
9645,
9646,88934.0
9647,179105.0
9648,224808.0
9649,195339.0
9650,216128.0
9651,227531.0
9652,150249.0
9653,
9654,172958.0
9655,183659.0
9656,5228.0
9657,
9658,215954.0
9659,
9660,35721.0
9661,125556.0
9662,61631.0
9663,
9664,
9665,90648.0
9666,
9667,48888.0
9668,
9669,161092.0
9670,
9671,221220.0
9672,
9673,
9674,
9675,241689.0
9676,132889.0
9677,
9678,171264.0
9679,
9680,
9681,105244.0
9682,250677.0
9683,
9684,10366.0
9685,
9686,
9687,154442.0
9688,
9689,
9690,244173.0
9691,199832.0
9692,72738.0
9693,
9694,
9695,
9696,117608.0
9697,
9698,243799.0
9699,
9700,
9701,
9702,72701.0
9703,201709.0
9704,3933.0
9705,
9706,71379.0
9707,
9708,13416.0
9709,
9710,108530.0
9711,
9712,162.0
9713,63413.0
9714,88327.0
9715,71441.0
9716,216646.0
9717,167798.0
9718,
9719,39101.0
9720,
9721,68264.0
9722,251174.0
9723,49616.0
9724,147597.0
9725,
9726,
9727,
9728,
9729,
9730,
9731,
9732,243858.0
9733,24751.0
9734,
9735,76172.0
9736,78369.0
9737,142220.0
9738,171228.0
9739,81331.0
9740,
9741,
9742,
9743,34222.0
9744,139793.0
9745,
9746,21589.0
9747,
9748,
9749,137661.0
9750,
9751,220911.0
9752,110187.0
9753,
9754,111450.0
9755,79006.0
9756,235781.0
9757,179721.0
9758,118128.0
9759,
9760,
9761,
9762,
9763,
9764,
9765,
9766,
9767,155159.0
9768,76264.0
9769,
9770,129181.0
9771,32100.0
9772,137015.0
9773,142641.0
9774,
9775,
9776,99031.0
9777,101624.0
9778,
9779,203650.0
9780,220657.0
9781,
9782,13707.0
9783,
9784,209303.0
9785,163903.0
9786,
9787,24565.0
9788,
9789,
9790,83558.0
9791,15351.0
9792,186751.0
9793,170090.0
9794,186471.0
9795,
9796,51719.0
9797,
9798,186738.0
9799,124918.0
9800,
9801,
9802,214943.0
9803,
9804,78408.0
9805,249470.0
9806,
9807,122308.0
9808,173460.0
9809,
9810,
9811,152279.0
9812,30526.0
9813,24430.0
9814,51524.0
9815,
9816,
9817,111933.0
9818,
9819,
9820,102031.0
9821,247840.0
9822,206876.0
9823,212286.0
9824,137885.0
9825,
9826,171832.0
9827,216723.0
9828,155650.0
9829,109042.0
9830,160452.0
9831,46610.0
9832,
9833,165816.0
9834,43071.0
9835,
9836,
9837,120090.0
9838,73149.0
9839,168356.0
9840,241887.0
9841,124328.0
9842,
9843,
9844,
9845,
9846,
9847,
9848,
9849,115278.0
9850,142296.0
9851,
9852,
9853,162700.0
9854,
9855,156336.0
9856,10752.0
9857,228764.0
9858,
9859,118009.0
9860,
9861,
9862,247603.0
9863,90226.0
9864,
9865,
9866,
9867,178113.0
9868,
9869,15830.0
9870,165426.0
9871,
9872,181388.0
9873,
9874,
9875,
9876,70199.0
9877,192333.0
9878,
9879,99351.0
9880,
9881,
9882,
9883,118978.0
9884,
9885,145280.0
9886,233898.0
9887,
9888,
9889,
9890,
9891,240904.0
9892,87792.0
9893,155730.0
9894,101834.0
9895,
9896,
9897,
9898,
9899,26790.0
9900,
9901,120154.0
9902,191653.0
9903,247495.0
9904,
9905,
9906,
9907,
9908,
9909,
9910,
9911,105940.0
9912,
9913,
9914,28871.0
9915,213567.0
9916,
9917,192521.0
9918,152971.0
9919,
9920,232924.0
9921,
9922,
9923,
9924,
9925,
9926,
9927,
9928,110343.0
9929,72153.0
9930,50742.0
9931,
9932,
9933,
9934,
9935,146810.0
9936,
9937,168639.0
9938,
9939,204288.0
9940,225292.0
9941,90683.0
9942,
9943,137850.0
9944,
9945,
9946,
9947,
9948,
9949,125138.0
9950,
9951,
9952,
9953,
9954,155983.0
9955,
9956,
9957,16937.0
9958,107821.0
9959,
9960,
9961,
9962,197322.0
9963,
9964,29742.0
9965,58152.0
9966,151699.0
9967,83460.0
9968,
9969,237228.0
9970,
9971,
9972,177369.0
9973,17138.0
9974,
9975,244163.0
9976,
9977,145108.0
9978,215180.0
9979,235006.0
9980,
9981,
9982,
9983,175917.0
9984,27963.0
9985,118783.0
9986,
9987,66344.0
9988,7561.0
9989,85257.0
9990,
9991,84373.0
9992,
9993,
9994,
9995,
9996,233081.0
9997,
9998,
9999,59424.0
10000,18389.0
